episode,seed,epsilon,episode_reward,episode_average_chr,episode_average_local_rsu_chr,episode_average_delay_ms,loss,rounds,mrsu_cache_capacity,frsu_cache_capacity
0,42,1.0,2.031982167790662,0.2031982167790662,0.3187061805185095,56.040996582041586,0.0,10,100,100
1,43,0.99,2.6148641312771894,0.2614864131277189,0.31709163508648197,55.82384654896214,0.0,10,100,100
2,44,0.9801,2.7432134092359357,0.27432134092359356,0.3241557560615874,55.31689614668818,0.0,10,100,100
3,45,0.9702989999999999,2.2655439193142732,0.22655439193142732,0.29534606708522027,58.16708609738163,0.0,10,100,100
4,46,0.96059601,2.6360155401731946,0.26360155401731944,0.34099057713105085,54.22082228820652,0.0,10,100,100
5,47,0.9509900498999999,2.2732816774702647,0.22732816774702647,0.3183744308773628,55.475669903278764,0.0,10,100,100
6,48,0.9414801494009999,2.726547051553395,0.2726547051553395,0.3103531574628455,58.11052751060676,0.06568415250097003,10,100,100
7,49,0.9320653479069899,2.4306018044915207,0.24306018044915206,0.3108910243606846,56.61206783840845,0.018219426553696395,10,100,100
8,50,0.92274469442792,2.605473326130316,0.2605473326130316,0.3220357905611323,56.06481633473478,0.007365881511941552,10,100,100
9,51,0.9135172474836407,2.5694160490950697,0.25694160490950696,0.3266126997221716,54.731623238396324,0.004940540902316571,10,100,100
10,52,0.9043820750088043,2.6156467647231323,0.26156467647231324,0.3195029812851212,57.55541744291598,0.003107808786444366,10,100,100
11,53,0.8953382542587163,2.5957294188381668,0.2595729418838167,0.3285120707631769,55.167169040990714,0.002759539242833853,10,100,100
12,54,0.8863848717161291,2.397745878534284,0.2397745878534284,0.31979119039145176,55.22718998527891,0.0037221584469079973,10,100,100
13,55,0.8775210229989678,2.4067500429220003,0.24067500429220004,0.31359993785274926,55.02863880447761,0.004133092297706753,10,100,100
14,56,0.8687458127689781,2.4077158446310274,0.24077158446310273,0.3296684730332293,55.936075981978966,0.004605170805007219,10,100,100
15,57,0.8600583546412883,2.4733745869690056,0.24733745869690055,0.3309791714243146,56.33281548699542,0.005041877110488713,10,100,100
16,58,0.8514577710948754,2.9461780614932125,0.29461780614932126,0.32010879168387685,55.30809850478856,0.003998211305588484,10,100,100
17,59,0.8429431933839266,2.4992328132821036,0.24992328132821034,0.32824607422336766,55.58820844739125,0.0020769360824488105,10,100,100
18,60,0.8345137614500874,2.551229171231276,0.2551229171231276,0.311247587888477,55.76664486786278,0.0020945258904248474,10,100,100
19,61,0.8261686238355865,2.052116674181672,0.2052116674181672,0.3187735177409919,55.28537161451563,0.001495591184357181,10,100,100
20,62,0.8179069375972307,2.4908530836471536,0.24908530836471537,0.3123007128240949,56.63691179755083,0.0015022070496343077,10,100,100
21,63,0.8097278682212583,2.6446852074978335,0.26446852074978333,0.3350497532108826,54.946811384716305,0.002303657925222069,10,100,100
22,64,0.8016305895390458,2.6237531270073218,0.26237531270073217,0.3163941992659196,55.85380525954798,0.0010519756469875574,10,100,100
23,65,0.7936142836436553,3.001961048555033,0.3001961048555033,0.32104667198847825,56.644793859556,0.0017139861825853585,10,100,100
24,66,0.7856781408072188,2.437555981216587,0.24375559812165867,0.32070841261858435,55.90760587346246,0.001952686026925221,10,100,100
25,67,0.7778213593991465,2.6111439275194606,0.26111439275194603,0.3099721627574417,56.558777991408284,0.001636275288183242,10,100,100
26,68,0.7700431458051551,2.453200559633318,0.2453200559633318,0.3245596605760692,56.956505997437674,0.024735041707754136,10,100,100
27,69,0.7623427143471035,2.3429261912547856,0.23429261912547855,0.33948849145499727,56.64916266137776,0.017597351502627135,10,100,100
28,70,0.7547192872036325,2.695542701663023,0.2695542701663023,0.32447333766630526,55.64615758665995,0.011872773338109256,10,100,100
29,71,0.7471720943315961,2.5604275696128047,0.2560427569612805,0.3243461267157414,55.77356918735095,0.00920562818646431,10,100,100
30,72,0.7397003733882802,2.6766005902682632,0.2676600590268263,0.3455065833703267,53.76802775805692,0.0078539262060076,10,100,100
31,73,0.7323033696543974,2.9977425786154734,0.2997742578615473,0.34490943317406364,54.83308707197095,0.006735296663828194,10,100,100
32,74,0.7249803359578534,2.543139144991225,0.2543139144991225,0.3161576612256064,57.36214901809306,0.0075804672436788675,10,100,100
33,75,0.7177305325982748,2.5183500978727946,0.25183500978727946,0.3413066339716687,54.373507870952096,0.006252234103158116,10,100,100
34,76,0.7105532272722921,2.3914034613127417,0.23914034613127416,0.32041591524656454,55.36764260166842,0.006276353308930993,10,100,100
35,77,0.7034476949995692,2.5466099980044477,0.25466099980044477,0.3297274376997067,55.765669755609544,0.005483185057528317,10,100,100
36,78,0.6964132180495735,2.5148126961618193,0.25148126961618195,0.3317935047033516,56.18415406526479,0.0045850895112380385,10,100,100
37,79,0.6894490858690777,2.8651242326260755,0.28651242326260756,0.3312487938830594,55.508720612652255,0.0056750548770651225,10,100,100
38,80,0.682554595010387,2.39169518359242,0.239169518359242,0.32245656808558454,54.851597762664234,0.004214377864263952,10,100,100
39,81,0.6757290490602831,2.484119766293803,0.24841197662938028,0.30750333889977666,56.529478321085115,0.0048995113233104345,10,100,100
40,82,0.6689717585696803,2.6973311915087517,0.26973311915087517,0.3246680052268577,55.292267006846124,0.004048819397576153,10,100,100
41,83,0.6622820409839835,2.6434740000172257,0.2643474000017226,0.3355059177322997,54.49213215976572,0.004114833031781018,10,100,100
42,84,0.6556592205741436,2.3191233702089233,0.23191233702089234,0.3507561352968624,55.02370963692797,0.004667262639850378,10,100,100
43,85,0.6491026283684022,2.72987199317806,0.272987199317806,0.311979796781343,57.00157830195731,0.003996147308498621,10,100,100
44,86,0.6426116020847181,2.512495270107212,0.25124952701072123,0.3231405131009981,56.011557299375795,0.003614294482395053,10,100,100
45,87,0.6361854860638709,2.5036989478182305,0.25036989478182303,0.3209688432124791,55.754960971535255,0.003256057924591005,10,100,100
46,88,0.6298236312032323,2.2708399360032248,0.22708399360032247,0.3316247606123694,55.66418357523295,0.023183941026218235,10,100,100
47,89,0.6235253948912,2.64030336460901,0.264030336460901,0.32268603139041185,56.54908291496032,0.019791290070861577,10,100,100
48,90,0.617290140942288,2.4111085246853707,0.24111085246853708,0.29763031739672174,57.99450677538018,0.02450264971703291,10,100,100
49,91,0.6111172395328651,2.5453910633070573,0.25453910633070576,0.32946988382982845,54.82680029364603,0.016383456345647574,10,100,100
50,92,0.6050060671375365,2.7794102605508453,0.27794102605508453,0.3325963194826825,55.46221913297594,0.013028450030833482,10,100,100
51,93,0.5989560064661611,2.826533040655852,0.2826533040655852,0.3180630256902123,57.410352128629896,0.010671562468633055,10,100,100
52,94,0.5929664464014994,2.3603722215272436,0.23603722215272435,0.31549352147822296,55.30595403189589,0.00867759226821363,10,100,100
53,95,0.5870367819374844,2.5787608874990875,0.25787608874990875,0.32490004225037056,55.44848117387157,0.008311374159529806,10,100,100
54,96,0.5811664141181095,2.7793319588351566,0.27793319588351567,0.32907177131080156,57.342306070059045,0.008460891526192426,10,100,100
55,97,0.5753547499769285,2.7704600587959543,0.27704600587959544,0.3298837620349594,56.20963749526144,0.009008463565260172,10,100,100
56,98,0.5696012024771592,2.633113037062314,0.2633113037062314,0.3204022568079533,55.404680248028356,0.008287673955783248,10,100,100
57,99,0.5639051904523876,2.6302813031809733,0.26302813031809735,0.3143320341637632,56.69583791955786,0.007948561664670705,10,100,100
58,100,0.5582661385478638,2.3465988060643017,0.23465988060643017,0.32560031353346597,54.885061694394565,0.008702665381133557,10,100,100
59,101,0.5526834771623851,2.502596953901743,0.2502596953901743,0.32038532172421186,56.12287147639894,0.010016772896051407,10,100,100
60,102,0.5471566423907612,2.7877564148009184,0.2787756414800918,0.3238510103891324,55.73458624599205,0.008434740453958511,10,100,100
61,103,0.5416850759668536,2.658442313207583,0.2658442313207583,0.34181030939823276,53.38272152025545,0.009271733788773417,10,100,100
62,104,0.536268225207185,2.4095723156442816,0.24095723156442816,0.3266106324527515,54.07199292741715,0.009258206654340028,10,100,100
63,105,0.5309055429551132,2.6351005891547374,0.26351005891547374,0.3234165483295596,55.561273150347176,0.008604998094961047,10,100,100
64,106,0.525596487525562,2.836021374031837,0.28360213740318374,0.3246567238983803,55.19084858771413,0.008631157223135233,10,100,100
65,107,0.5203405226503064,2.3085126052493012,0.23085126052493013,0.32196441172878176,57.38662068503877,0.008624236797913909,10,100,100
66,108,0.5151371174238033,2.5490900827890126,0.2549090082789013,0.3295982165596871,55.58552344041217,0.03293509255163372,10,100,100
67,109,0.5099857462495653,2.350129447383391,0.2350129447383391,0.312766138637087,55.691511572263835,0.028457588888704775,10,100,100
68,110,0.5048858887870696,2.461367341381343,0.24613673413813428,0.317759525276493,56.488412406669326,0.023220909386873247,10,100,100
69,111,0.4998370298991989,2.6771425110980775,0.26771425110980773,0.32532724212671277,55.46351630181566,0.018469109293073417,10,100,100
70,112,0.49483865960020695,2.2987129545385137,0.22987129545385138,0.3313504657143299,54.6690077671456,0.016017522662878036,10,100,100
71,113,0.4898902730042049,2.6392910876145512,0.26392910876145514,0.3348397641052864,54.42306113859796,0.019404472131282092,10,100,100
72,114,0.48499137027416284,2.43070669018918,0.243070669018918,0.3360202521701446,54.70377350633551,0.014802536740899087,10,100,100
73,115,0.4801414565714212,2.294059164319728,0.22940591643197278,0.3408929026291544,56.2346698409547,0.013619456114247442,10,100,100
74,116,0.475340042005707,2.4849037054803396,0.24849037054803397,0.31944338834661834,55.18047635092794,0.009755133418366313,10,100,100
75,117,0.47058664158564995,2.505348666549575,0.2505348666549575,0.3404443063578855,54.950132784908554,0.011811503628268837,10,100,100
76,118,0.4658807751697934,2.7868132018698253,0.27868132018698255,0.3309421064269703,55.39497600591346,0.012680457904934883,10,100,100
77,119,0.4612219674180955,2.585272948598891,0.25852729485988907,0.34473171367884803,53.968102270562966,0.012672675726935267,10,100,100
78,120,0.45660974774391455,2.7420504758179867,0.27420504758179864,0.33349247649110336,55.000494208753196,0.011022156849503518,10,100,100
79,121,0.4520436502664754,2.652904064376317,0.2652904064376317,0.3246296512927332,56.41165963899418,0.01439867545850575,10,100,100
80,122,0.44752321376381066,2.5750430351856064,0.25750430351856063,0.33266535969197475,54.40943022797232,0.013930560927838087,10,100,100
81,123,0.44304798162617254,2.571590992749877,0.2571590992749877,0.3207474557813919,54.81165607480981,0.011234977701678871,10,100,100
82,124,0.4386175018099108,2.3251212465595605,0.23251212465595605,0.3156834870488473,56.73439789089425,0.009634832013398409,10,100,100
83,125,0.4342313267918117,2.43254391453655,0.243254391453655,0.3401634825715682,54.45324491178532,0.01086521684192121,10,100,100
84,126,0.4298890135238936,2.875643126168173,0.2875643126168173,0.33183316450683453,55.69993378739589,0.01079749115742743,10,100,100
85,127,0.42559012338865465,2.9278980203654488,0.29278980203654487,0.31959089832045506,55.90822430643332,0.012170625384896994,10,100,100
86,128,0.4213342221547681,2.96480664876461,0.29648066487646096,0.34081271413659897,56.511216527160684,0.04861400965601206,10,100,100
87,129,0.41712087993322045,2.6915053654756282,0.2691505365475628,0.3273480473088021,55.18060985895941,0.04564505852758884,10,100,100
88,130,0.41294967113388825,2.975472096665126,0.2975472096665126,0.31943067848251805,56.063352098196596,0.031154504604637624,10,100,100
89,131,0.40882017442254937,2.4517471047880357,0.24517471047880357,0.33810788412668047,55.493948776746564,0.025946756824851036,10,100,100
90,132,0.4047319726783239,2.23049672271165,0.223049672271165,0.32075440389522314,55.01322193747641,0.028804834559559823,10,100,100
91,133,0.40068465295154065,2.6109696355504606,0.2610969635550461,0.3079053732933249,57.52991166499139,0.01906506735831499,10,100,100
92,134,0.39667780642202527,2.388083583073887,0.2388083583073887,0.31439236979254637,56.11969706393431,0.02334154937416315,10,100,100
93,135,0.392711028357805,2.7846352249783894,0.27846352249783896,0.3330494405072322,55.223023086081085,0.017872974555939437,10,100,100
94,136,0.38878391807422696,2.6577216390906884,0.2657721639090688,0.3201301909020988,55.26510951197356,0.019502715999260546,10,100,100
95,137,0.3848960788934847,2.7567732565264844,0.27567732565264846,0.3328468220672217,55.322776417023476,0.014521877281367779,10,100,100
96,138,0.38104711810454983,2.568031554051435,0.2568031554051435,0.31570167589368825,57.04700252307687,0.016234905645251273,10,100,100
97,139,0.37723664692350434,2.7265102899212352,0.2726510289921235,0.34488411305954714,54.29152736459978,0.019357834849506615,10,100,100
98,140,0.37346428045426927,2.3919183670417845,0.23919183670417846,0.3309534312707256,55.39469823482326,0.020827122777700425,10,100,100
99,141,0.36972963764972655,2.591386648686921,0.2591386648686921,0.32386729934426234,55.12192737817505,0.020366720110177993,10,100,100
100,142,0.36603234127322926,2.8555546779447507,0.28555546779447505,0.32459683513102977,55.19722322128242,0.01761507838964462,10,100,100
101,143,0.36237201786049694,2.7401691891391255,0.27401691891391255,0.32846438880842405,56.10878280393494,0.02169743608683348,10,100,100
102,144,0.358748297681892,2.5649368586807038,0.25649368586807036,0.3118301260351434,55.66898844907577,0.01982409842312336,10,100,100
103,145,0.35516081470507305,2.463552896465933,0.2463552896465933,0.3244852153095169,55.109000755350166,0.012791296932846308,10,100,100
104,146,0.3516092065580223,2.5437820458008327,0.25437820458008326,0.340823581191412,55.028574064436555,0.017070237919688223,10,100,100
105,147,0.34809311449244207,2.468385058994336,0.24683850589943362,0.3165896148549368,56.1858224701635,0.021583388466387986,10,100,100
106,148,0.34461218334751764,2.6428313899253597,0.26428313899253597,0.3120574707216059,58.29111414386697,0.041643605846911666,10,100,100
107,149,0.34116606151404244,2.655337489892178,0.26553374898921783,0.3294665012660829,54.8131146011866,0.03759704232215881,10,100,100
108,150,0.337754400898902,2.3528168759435606,0.23528168759435605,0.31833943048133373,54.84207148000371,0.02772159278392792,10,100,100
109,151,0.334376856889913,2.647888321267323,0.2647888321267323,0.33639391248493183,55.49835809408196,0.018857633415609597,10,100,100
110,152,0.33103308832101386,2.7864580393343745,0.27864580393343746,0.3304725470296613,55.505208896712794,0.02532285824418068,10,100,100
111,153,0.3277227574378037,2.556520710250816,0.2556520710250816,0.32729672903926993,55.43088934003007,0.026497752126306295,10,100,100
112,154,0.3244455298634257,2.455228368526864,0.24552283685268642,0.3142031491610121,55.8694184954763,0.022287534177303316,10,100,100
113,155,0.3212010745647914,2.4461256297424843,0.24461256297424844,0.32781858228507776,55.037949387440946,0.02209336357191205,10,100,100
114,156,0.3179890638191435,2.835765679320665,0.2835765679320665,0.328608284234456,54.71796898014054,0.01843817075714469,10,100,100
115,157,0.31480917318095203,2.722984692296319,0.27229846922963186,0.33018897251896273,54.7804273218821,0.02140806531533599,10,100,100
116,158,0.3116610814491425,2.540304302110353,0.25403043021103533,0.3184645284322094,57.185071759251,0.020335077401250602,10,100,100
117,159,0.30854447063465107,2.7705698870602413,0.27705698870602413,0.3249500077631986,55.93938756455327,0.02135758213698864,10,100,100
118,160,0.30545902592830454,2.5518942229053088,0.2551894222905309,0.3172858486386774,57.48439293042018,0.01844489462673664,10,100,100
119,161,0.3024044356690215,2.5220448013807006,0.25220448013807006,0.3178924432665323,55.75382919306016,0.021105157863348722,10,100,100
120,162,0.29938039131233124,2.607781799384419,0.2607781799384419,0.33662121687089164,54.759439128548934,0.017381486482918262,10,100,100
121,163,0.2963865873992079,2.2861217603285358,0.22861217603285358,0.33429858644102073,54.866917057089935,0.02061659162864089,10,100,100
122,164,0.29342272152521587,2.7612750987030905,0.27612750987030904,0.3333980374317503,54.77956765129547,0.017529433686286212,10,100,100
123,165,0.2904884943099637,2.2957503753699005,0.22957503753699005,0.3164744856439444,57.2322311730832,0.015842448361217974,10,100,100
124,166,0.28758360936686406,2.262497983241028,0.2262497983241028,0.32964538435668994,53.18759231955336,0.016987600550055503,10,100,100
125,167,0.2847077732731954,2.6623951961850594,0.26623951961850595,0.33839255569792126,54.97876457021751,0.017500906065106393,10,100,100
126,168,0.28186069554046345,2.527157901608044,0.2527157901608044,0.33342202339692906,54.33924325118103,0.03630879521369934,10,100,100
127,169,0.2790420885850588,2.408512965782846,0.2408512965782846,0.3212335991606531,57.01982303046567,0.02834037449210882,10,100,100
128,170,0.2762516676992082,2.7632569420636397,0.276325694206364,0.34283687090736314,55.01728673808244,0.027195290103554724,10,100,100
129,171,0.27348915102221616,2.301015401463842,0.23010154014638423,0.31573631265340163,55.27068328389136,0.024740881752222776,10,100,100
130,172,0.270754259511994,2.6628378266581163,0.26628378266581165,0.31922820377366107,55.49687480718228,0.024952791165560484,10,100,100
131,173,0.26804671691687404,2.898260419890027,0.2898260419890027,0.3360241740461865,55.7362378336104,0.023943902272731066,10,100,100
132,174,0.2653662497477053,2.4714514039074795,0.24714514039074795,0.32247571450519485,56.136369289731974,0.023766216356307268,10,100,100
133,175,0.2627125872502282,2.3728289442400206,0.23728289442400205,0.3214546804975324,54.08421244474806,0.024013652838766573,10,100,100
134,176,0.2600854613777259,2.82954267778233,0.28295426777823296,0.3261210090353749,55.8399826298565,0.023543775826692582,10,100,100
135,177,0.2574846067639487,2.637733812735776,0.2637733812735776,0.3147880187952091,57.237407326041776,0.01714386735111475,10,100,100
136,178,0.2549097606963092,2.4970612289336924,0.24970612289336924,0.32661071914852247,55.21920130705142,0.02204559640958905,10,100,100
137,179,0.2523606630893461,2.7601005778063525,0.27601005778063525,0.3223366484914879,55.247150322544314,0.025769294425845145,10,100,100
138,180,0.24983705645845267,2.407289767732659,0.24072897677326588,0.3238365628634016,55.49434157496987,0.020334052201360465,10,100,100
139,181,0.24733868589386815,2.624443681490459,0.2624443681490459,0.317804115432025,57.101175319293624,0.022418005298823117,10,100,100
140,182,0.24486529903492946,2.9690188149463914,0.29690188149463914,0.32468316884196124,55.58998123808406,0.02137769814580679,10,100,100
141,183,0.24241664604458016,2.773088404126327,0.2773088404126327,0.316616357645657,56.39979924064488,0.016914663929492237,10,100,100
142,184,0.23999247958413436,2.4729344959540778,0.24729344959540778,0.3243857284019974,56.47763008194094,0.025798881705850363,10,100,100
143,185,0.23759255478829303,2.49410503518514,0.249410503518514,0.31699569112283676,55.95905341690603,0.02001868626102805,10,100,100
144,186,0.2352166292404101,2.4398021865223494,0.24398021865223493,0.3440080854676943,56.384909608257956,0.0194170031696558,10,100,100
145,187,0.232864462948006,2.710886781583127,0.2710886781583127,0.32287806981195943,56.13722664066304,0.019014019146561624,10,100,100
146,188,0.23053581831852593,2.3410288437412077,0.23410288437412077,0.3233041178696198,55.32610859841308,0.034079418424516915,10,100,100
147,189,0.22823046013534068,2.6043527996783933,0.26043527996783933,0.31844921613054755,55.911277010112414,0.03688011560589075,10,100,100
148,190,0.22594815553398728,2.5629282857470175,0.25629282857470176,0.3238325948573198,55.50736507363083,0.026673290971666576,10,100,100
149,191,0.22368867397864742,2.3613390755791777,0.23613390755791777,0.333427416703623,54.26501230306635,0.02822378948330879,10,100,100
150,192,0.22145178723886094,2.458470342372429,0.24584703423724288,0.32370934266671864,55.386528914024225,0.017050560098141432,10,100,100
151,193,0.21923726936647234,2.665656020961189,0.2665656020961189,0.32198475812786675,54.68684634245337,0.02335918741300702,10,100,100
152,194,0.2170448966728076,2.651556047413033,0.2651556047413033,0.33479795650250554,55.555628493188806,0.022742332331836222,10,100,100
153,195,0.21487444770607952,2.5510669038053044,0.25510669038053047,0.31903627968724674,55.17513868719739,0.02494885502383113,10,100,100
154,196,0.21272570322901874,2.5117356895764544,0.2511735689576454,0.3175416345163857,56.31690596301204,0.02246322501450777,10,100,100
155,197,0.21059844619672854,2.3706369085770596,0.23706369085770596,0.3151869673646357,56.52854651542534,0.023098680097609757,10,100,100
156,198,0.20849246173476127,2.334070996233101,0.2334070996233101,0.33514982192275583,54.601029349885664,0.01621863367035985,10,100,100
157,199,0.20640753711741366,2.473830639532613,0.24738306395326132,0.3140304769093766,55.279246084598924,0.01846643639728427,10,100,100
158,200,0.20434346174623952,2.5731021728440298,0.25731021728440295,0.35211452749884703,53.91808224009933,0.017306335642933844,10,100,100
159,201,0.20230002712877712,2.8733840762409675,0.28733840762409674,0.3186840918622606,57.068178887996474,0.02156224111095071,10,100,100
160,202,0.20027702685748935,2.606138424015981,0.26061384240159813,0.3264530335105681,55.543182089005654,0.025309006310999395,10,100,100
161,203,0.19827425658891445,2.795379692710547,0.27953796927105473,0.32267433254459577,54.54090631180717,0.019283989444375038,10,100,100
162,204,0.1962915140230253,2.448820230340256,0.24488202303402562,0.31752371887667613,56.15470048246478,0.021769637428224086,10,100,100
163,205,0.19432859888279505,2.7327737724658676,0.27327737724658674,0.3115420209617398,56.57243744297939,0.016845627501606942,10,100,100
164,206,0.1923853128939671,2.615122026370097,0.2615122026370097,0.33387109969262574,54.45301612533251,0.01952751334756613,10,100,100
165,207,0.19046145976502743,2.7417420108949435,0.27417420108949436,0.33038549110387544,56.3407418617114,0.01932008545845747,10,100,100
166,208,0.18855684516737714,2.4362776453852737,0.24362776453852736,0.31319539433667554,55.96121310353334,0.028896191343665122,10,100,100
167,209,0.18667127671570335,2.5585081663726443,0.25585081663726444,0.33032360876563144,54.911623520530796,0.0240652684122324,10,100,100
168,210,0.18480456394854633,2.707375026769817,0.2707375026769817,0.32244077637289487,57.75140096418742,0.018376806750893593,10,100,100
169,211,0.18295651830906087,2.6555794347931796,0.26555794347931794,0.3360315201184174,56.03382821950625,0.017441257555037736,10,100,100
170,212,0.18112695312597027,2.47242496663577,0.24724249666357698,0.3348835147075916,55.23583507404534,0.018291985150426626,10,100,100
171,213,0.17931568359471056,2.4965708604185197,0.24965708604185197,0.3212008541857216,56.32827645588933,0.015118589159101248,10,100,100
172,214,0.17752252675876345,2.6822285546818425,0.26822285546818425,0.3222333821215331,55.76425841686923,0.017080914787948133,10,100,100
173,215,0.17574730149117582,2.64363522578321,0.264363522578321,0.3079765378398872,56.437171211235025,0.016833266522735358,10,100,100
174,216,0.17398982847626407,2.4086624017522666,0.24086624017522668,0.3044783270464879,57.45350867534505,0.018751219473779203,10,100,100
175,217,0.17224993019150142,2.077493463914446,0.2077493463914446,0.28063488789935703,50.69636138526939,0.01288230186328292,10,100,100
176,218,0.1705274308895864,2.485549651100303,0.24855496511003028,0.3124596115102028,56.698651546541214,0.014223068114370107,10,100,100
177,219,0.16882215658069055,2.523598333961942,0.25235983339619417,0.3183702948032303,55.45239905871067,0.01981232184916735,10,100,100
178,220,0.16713393501488363,2.6386778324650932,0.26386778324650934,0.3300950847421935,54.73214739894407,0.016830647829920053,10,100,100
179,221,0.16546259566473479,2.5799918342191384,0.25799918342191386,0.31958541894635256,55.96852672919074,0.014514403510838747,10,100,100
180,222,0.16380796970808745,2.328586485792733,0.23285864857927333,0.33737259067107556,54.134206581424074,0.015669359406456352,10,100,100
181,223,0.16216989001100657,2.4958378096735556,0.24958378096735556,0.3157128978829482,55.90990665560929,0.016069741267710925,10,100,100
182,224,0.1605481911108965,2.664828648147046,0.26648286481470457,0.31568264606128876,56.675402283288136,0.014178562443703413,10,100,100
183,225,0.15894270919978754,2.654946643820945,0.26549466438209446,0.33499697553389923,54.90331589026334,0.017517549358308314,10,100,100
184,226,0.15735328210778965,2.360551792370227,0.23605517923702268,0.33714004711541895,56.50535979850133,0.019031233340501785,10,100,100
185,227,0.15577974928671176,2.703735570963203,0.27037355709632027,0.32187209333647493,56.05761895729021,0.017903402168303727,10,100,100
186,228,0.15422195179384465,2.9285537101500396,0.292855371015004,0.31847230490942946,57.093468176145436,0.023922228068113328,10,100,100
187,229,0.1526797322759062,2.5535593374682453,0.2553559337468245,0.31737907968006673,55.30086332768703,0.02405395181849599,10,100,100
188,230,0.15115293495314713,2.6010740605351197,0.26010740605351196,0.32054044686106387,56.37583500394444,0.020038904901593924,10,100,100
189,231,0.14964140560361566,2.4247303642306357,0.24247303642306356,0.30600664693587376,56.15129740399092,0.01755819097161293,10,100,100
190,232,0.1481449915475795,2.695826623990035,0.2695826623990035,0.32311178777441846,57.45314144407622,0.01620860518887639,10,100,100
191,233,0.1466635416321037,2.5900719783738313,0.25900719783738313,0.30235680601602843,55.916981197942675,0.014290521200746299,10,100,100
192,234,0.14519690621578268,2.8049781002989165,0.28049781002989166,0.3288951643617086,55.208968010578914,0.011855291202664375,10,100,100
193,235,0.14374493715362485,2.8686598544305526,0.28686598544305525,0.32754020423008123,55.31450142222004,0.013057093694806099,10,100,100
194,236,0.1423074877820886,2.307779051725191,0.2307779051725191,0.31428070599253644,55.599273902327525,0.013216655096039176,10,100,100
195,237,0.1408844129042677,2.5401992367237733,0.25401992367237736,0.3413909087021069,54.07231110895553,0.014038804732263089,10,100,100
196,238,0.13947556877522502,2.3344798505559727,0.23344798505559727,0.31219406739993627,55.38145793895469,0.011068186443299054,10,100,100
197,239,0.13808081308747278,2.791255440328441,0.27912554403284406,0.3350356875611314,54.85795713489372,0.011380363861098886,10,100,100
198,240,0.13670000495659804,2.6128891403380448,0.2612889140338045,0.3288905901058528,55.32972145188946,0.012429643794894219,10,100,100
199,241,0.13533300490703207,2.827121314202086,0.2827121314202086,0.31850199173107413,56.37904202127919,0.011624350119382143,10,100,100
200,242,0.13397967485796175,2.747541486722998,0.2747541486722998,0.32708163341969165,55.42928431725373,0.010974080581218005,10,100,100
201,243,0.13263987810938213,2.484109163140757,0.2484109163140757,0.3212456513531944,56.40565492840035,0.011210980825126171,10,100,100
202,244,0.1313134793282883,2.5972884053446905,0.25972884053446904,0.3232859039070634,55.98200787970137,0.012383246701210738,10,100,100
203,245,0.13000034453500542,2.8030037857734382,0.2803003785773438,0.33819927058891197,54.59607234045429,0.010925119230523705,10,100,100
204,246,0.12870034108965536,2.597146939945463,0.25971469399454633,0.3194707018486791,55.12218559715687,0.013388667441904544,10,100,100
205,247,0.12741333767875881,2.5423841059679475,0.25423841059679475,0.3235130130106138,58.175868232058136,0.013916777074337005,10,100,100
206,248,0.12613920430197123,2.673668928438723,0.2673668928438723,0.3350369960774365,55.48424610686366,0.017999789863824844,10,100,100
207,249,0.12487781225895152,2.849744248619573,0.28497442486195734,0.3190747685030858,56.057601472857314,0.01732808705419302,10,100,100
208,250,0.123629034136362,2.8779840560832484,0.2877984056083248,0.31642600140941096,55.52791251625028,0.0123081068508327,10,100,100
209,251,0.12239274379499838,2.6483986046881287,0.26483986046881286,0.3365062301819267,54.947726993626205,0.010826716898009181,10,100,100
210,252,0.1211688163570484,2.2572467576627266,0.22572467576627267,0.29115968686852906,58.41594387554053,0.008672688947990536,10,100,100
211,253,0.11995712819347792,2.4008136048775883,0.24008136048775883,0.3244769376387399,55.30350566566432,0.011287639755755663,10,100,100
212,254,0.11875755691154315,2.570189199274188,0.25701891992741877,0.32201722018833095,55.79913877588409,0.011519319284707308,10,100,100
213,255,0.11756998134242772,2.2342443136107732,0.2234244313610773,0.31270549533776315,56.85890485544744,0.011782654840499163,10,100,100
214,256,0.11639428152900344,2.4630181502563104,0.24630181502563103,0.321457001361645,55.09677154210003,0.010895559564232826,10,100,100
215,257,0.11523033871371341,2.515868841213051,0.2515868841213051,0.30026314188240133,58.47068988133297,0.011220264714211226,10,100,100
216,258,0.11407803532657627,2.411043797518387,0.2411043797518387,0.32249299055011527,54.79102049518285,0.009393488615751266,10,100,100
217,259,0.11293725497331052,2.5587736033658692,0.2558773603365869,0.3035243113225645,58.76454408790888,0.008950813580304385,10,100,100
218,260,0.1118078824235774,2.662057523335887,0.2662057523335887,0.3190164938462218,56.133609750058,0.008606433682143689,10,100,100
219,261,0.11068980359934164,2.699245510495813,0.2699245510495813,0.33281349604368543,55.397250173724544,0.009808421228080988,10,100,100
220,262,0.10958290556334822,2.5446008671819653,0.25446008671819653,0.397243560109663,54.1313148386154,0.00882378094829619,10,100,100
221,263,0.10848707650771475,2.732307610383214,0.2732307610383214,0.34060520472770944,54.57489905833315,0.009060054318979383,10,100,100
222,264,0.1074022057426376,2.74067450037843,0.274067450037843,0.3180585211457638,56.440901214911165,0.011299592722207309,10,100,100
223,265,0.10632818368521123,2.4784508855801595,0.24784508855801596,0.3456325231293896,53.61859781146669,0.009139814367517828,10,100,100
224,266,0.10526490184835911,2.8231240668851734,0.2823124066885173,0.34574671610669877,54.676418157956526,0.010276348423212766,10,100,100
225,267,0.10421225282987552,2.5937374209838384,0.2593737420983838,0.32356076300570663,55.94904785621831,0.00871391799300909,10,100,100
226,268,0.10317013030157676,2.6609384012526567,0.26609384012526566,0.31917715103995237,57.20853585059693,0.01284466665238142,10,100,100
227,269,0.10213842899856099,2.3143239991213416,0.23143239991213416,0.30058980327248686,56.209504139877616,0.010651245014742017,10,100,100
228,270,0.10111704470857538,2.6493311101912127,0.26493311101912126,0.3232230363089058,56.31663221443264,0.009136582119390368,10,100,100
229,271,0.10010587426148963,2.455112415994619,0.2455112415994619,0.3354289965319618,54.31243536033729,0.00966039476916194,10,100,100
230,272,0.09910481551887473,2.5842381608328617,0.2584238160832862,0.33399922278599625,55.958349819026864,0.008490568865090609,10,100,100
231,273,0.09811376736368599,2.3185444163353224,0.23185444163353225,0.32874544360681035,54.01343909220314,0.00998093574307859,10,100,100
232,274,0.09713262969004913,2.430926832895445,0.2430926832895445,0.31015194252046785,55.13344502672685,0.007800244726240635,10,100,100
233,275,0.09616130339314863,2.5224653949706757,0.25224653949706755,0.32726002202448445,54.83857545957077,0.007737838150933385,10,100,100
234,276,0.09519969035921715,2.680057289007624,0.2680057289007624,0.3222552291397608,56.112130177275695,0.007349803624674678,10,100,100
235,277,0.09424769345562498,2.9082374316891584,0.29082374316891585,0.3291087568480283,55.996134418777025,0.007494344655424356,10,100,100
236,278,0.09330521652106873,2.433946326210795,0.2433946326210795,0.33946055532492164,53.67119925791859,0.006813688576221466,10,100,100
237,279,0.09237216435585804,2.959479221622652,0.29594792216226523,0.3475772519906838,54.04653847737468,0.008481481112539768,10,100,100
238,280,0.09144844271229946,2.3797812385470785,0.23797812385470785,0.32965724207063607,55.51391301436793,0.007326302211731672,10,100,100
239,281,0.09053395828517646,2.45614308075862,0.24561430807586201,0.31044786133898317,56.447189438440525,0.006727567920461297,10,100,100
240,282,0.08962861870232469,2.3981733865149257,0.23981733865149257,0.3155874839522325,55.77778947706506,0.00732432552613318,10,100,100
241,283,0.08873233251530144,2.5960824163560754,0.25960824163560753,0.32345916523723856,55.70984862977049,0.0077343471348285675,10,100,100
242,284,0.08784500919014843,2.524184618280813,0.2524184618280813,0.3269804937166508,55.74739188678907,0.006087602628394961,10,100,100
243,285,0.08696655909824694,2.815967783842196,0.2815967783842196,0.32313392623016507,55.88856797048957,0.007726287888363004,10,100,100
244,286,0.08609689350726446,2.5576323610365184,0.2557632361036518,0.32359996145949865,54.482268863665,0.007180349109694362,10,100,100
245,287,0.08523592457219181,2.5442496915203927,0.25442496915203927,0.3340245924449542,55.5133556954925,0.0068053108174353834,10,100,100
246,288,0.0843835653264699,2.4109599110435025,0.24109599110435026,0.33409612193089167,54.52094765355592,0.010254209022969007,10,100,100
247,289,0.0835397296732052,2.537129756031532,0.2537129756031532,0.3230861654695335,54.50122451094906,0.008815633179619909,10,100,100
248,290,0.08270433237647315,2.575237633451484,0.2575237633451484,0.31825637517277816,55.309359850903526,0.008486970188096165,10,100,100
249,291,0.08187728905270841,2.463266948726459,0.2463266948726459,0.3234099116069612,55.49289287915893,0.007906441995874047,10,100,100
250,292,0.08105851616218133,1.9145772201899667,0.19145772201899666,0.2569598777917696,52.02730914335963,0.0069689624942839146,10,100,100
251,293,0.08024793100055952,2.4898055299993054,0.24898055299993055,0.3324473216233376,54.451512380807586,0.006682555517181754,10,100,100
252,294,0.07944545169055392,2.466164039141446,0.2466164039141446,0.33541649258116446,56.39348423219121,0.006312517914921045,10,100,100
253,295,0.07865099717364837,2.7084070135657456,0.27084070135657456,0.3228467542785485,54.89206584388946,0.005606693145819008,10,100,100
254,296,0.07786448720191189,2.698211002109297,0.2698211002109297,0.3270684417268117,55.859394847358786,0.005926613043993711,10,100,100
255,297,0.07708584232989277,2.8676194959187122,0.28676194959187123,0.3224274488967576,56.027748756740394,0.006966134952381253,10,100,100
256,298,0.07631498390659384,2.4531663340275025,0.24531663340275026,0.3240755908471061,56.38778913918632,0.0063109475187957285,10,100,100
257,299,0.07555183406752791,2.501104734576368,0.2501104734576368,0.3294081849209788,56.05500352521752,0.005869220569729805,10,100,100
258,300,0.07479631572685264,2.5723814803536467,0.25723814803536466,0.32117808995704394,56.26885606916566,0.005878824507817626,10,100,100
259,301,0.07404835256958411,2.594044336089514,0.2594044336089514,0.3190488541415456,55.87133330740221,0.006062246253713965,10,100,100
260,302,0.07330786904388827,2.427352453263927,0.24273524532639268,0.31402801727934454,57.07040982649242,0.0059540705289691685,10,100,100
261,303,0.07257479035344938,2.5777729003671737,0.25777729003671734,0.3148362705527516,55.775860732904846,0.005380679736845195,10,100,100
262,304,0.07184904244991488,2.6787926011037055,0.26787926011037055,0.3261558458069944,56.46388707294932,0.006226497376337648,10,100,100
263,305,0.07113055202541574,2.115984839225221,0.2115984839225221,0.3026687403960431,58.52233408207625,0.007951016817241908,10,100,100
264,306,0.07041924650516158,2.5955964067475246,0.25955964067475246,0.3270997363526645,54.62612434073473,0.0063214748166501526,10,100,100
265,307,0.06971505404010997,2.5512372338490854,0.2551237233849085,0.31130573070759654,58.0861188951494,0.006794323981739581,10,100,100
266,308,0.06901790349970886,2.4563283894340238,0.24563283894340238,0.31077467101725037,57.77851827677391,0.011355520877987146,10,100,100
267,309,0.06832772446471178,2.6750969731033236,0.26750969731033236,0.3247998159414606,55.598245326258926,0.01180805596522987,10,100,100
268,310,0.06764444722006466,2.542655074914183,0.2542655074914183,0.32090897766657206,57.46165794428266,0.010798254003748297,10,100,100
269,311,0.066968002747864,2.477461509517358,0.2477461509517358,0.3195440205126125,56.23173699650836,0.010425394028425216,10,100,100
270,312,0.06629832272038537,2.6143809081220257,0.2614380908122026,0.32794493213746967,55.8976918043377,0.0099778201431036,10,100,100
271,313,0.06563533949318151,2.474299096388607,0.24742990963886072,0.3052739715965629,57.32615095328432,0.00836151116527617,10,100,100
272,314,0.06497898609824969,2.316702287835948,0.23167022878359478,0.30799493320238996,57.69453445277385,0.007176026841625572,10,100,100
273,315,0.0643291962372672,2.3843757248684057,0.23843757248684055,0.3375989123074163,54.83773796824464,0.00760591272264719,10,100,100
274,316,0.06368590427489453,2.9067564117605116,0.29067564117605116,0.3364976355936834,54.75579386023045,0.005395352328196168,10,100,100
275,317,0.06304904523214558,2.71611297224108,0.271611297224108,0.33157707235149136,54.760563219809754,0.005903230188414455,10,100,100
276,318,0.06241855477982412,2.9208221891222252,0.2920822189122225,0.3205020179386514,55.726287337630694,0.005660621495917439,10,100,100
277,319,0.06179436923202588,2.757397687626537,0.2757397687626537,0.3202815321966249,55.24517823196951,0.006251478847116232,10,100,100
278,320,0.06117642553970562,2.261552154500204,0.22615521545002043,0.31580489766499226,55.039198027277756,0.006038394151255488,10,100,100
279,321,0.06056466128430856,2.4804293482646784,0.24804293482646783,0.31827377890584113,56.78594362937922,0.0058347329962998625,10,100,100
280,322,0.05995901467146548,2.7917873267725177,0.2791787326772518,0.32959886034778596,55.69930242558327,0.005802578572183847,10,100,100
281,323,0.05935942452475082,2.403028473762503,0.2403028473762503,0.335768632115356,54.40748661862597,0.006772774923592806,10,100,100
282,324,0.058765830279503314,2.7751813762634425,0.27751813762634425,0.3269238667444425,56.26707703833313,0.0059745724778622385,10,100,100
283,325,0.05817817197670828,2.7642239464326606,0.27642239464326607,0.3215547691902504,57.423443871956714,0.00660825907252729,10,100,100
284,326,0.057596390256941195,2.5200514320007863,0.2520051432000786,0.31467517324707,56.426016574026264,0.005689314473420382,10,100,100
285,327,0.05702042635437178,2.371207141142331,0.23712071411423313,0.3303423956605548,55.217921959024736,0.005573951406404376,10,100,100
286,328,0.05645022209082806,2.3010442864378313,0.23010442864378314,0.3018833951168797,56.614542532654355,0.008723010402172804,10,100,100
287,329,0.05588571986991978,3.0527102532952775,0.30527102532952777,0.3286594101836496,55.04032311198237,0.008771588280797004,10,100,100
288,330,0.055326862671220584,2.6651400336016406,0.26651400336016406,0.31983262164135773,55.368592421631455,0.007014560373499989,10,100,100
289,331,0.05477359404450838,2.925012486708693,0.2925012486708693,0.32567858904087,56.12723484358048,0.005757066048681736,10,100,100
290,332,0.054225858104063294,2.482467592676581,0.2482467592676581,0.32349721951693866,55.23258223252336,0.005292238481342792,10,100,100
291,333,0.05368359952302266,2.4328293103290712,0.24328293103290713,0.32511704731363483,55.96012069908535,0.0052942772628739474,10,100,100
292,334,0.053146763527792434,2.757923807296411,0.2757923807296411,0.3155911883113368,56.26841064403676,0.0054377337452024225,10,100,100
293,335,0.052615295892514506,2.913957434303816,0.2913957434303816,0.31969221892381255,56.26708588988835,0.005553989112377167,10,100,100
294,336,0.052089142933589364,2.779544650137321,0.2779544650137321,0.32198614252678176,55.74324277940432,0.005153132183477282,10,100,100
295,337,0.05156825150425347,2.7140788797913875,0.27140788797913873,0.3051922578083769,56.2931925218262,0.0056099746841937305,10,100,100
296,338,0.051052568989210935,2.710985146177199,0.27109851461771994,0.32737516348199,57.43001704030796,0.004977758857421577,10,100,100
297,339,0.05054204329931883,2.1831071265514823,0.21831071265514823,0.3005584493488277,55.939515243525,0.004853327898308635,10,100,100
298,340,0.05003662286632564,2.063690712282846,0.20636907122828457,0.31352233340026064,57.383058681620035,0.00453370688483119,10,100,100
299,341,0.05,2.5652261414327198,0.256522614143272,0.3196640791882669,56.482700977643184,0.004397157719358802,10,100,100
