seed,average_chr,average_local_rsu_chr,method,method_label,model_name,agent_description,rsu_cache_capacity,mrsu_cache_capacity,frsu_cache_capacity,round,physical_tick_start,physical_tick_end,decision_interval_ticks,chr,local_rsu_chr,round_delay_ms,average_delay_ms,latency_scope,latency_request_count,excluded_not_covered_request_count,mrsu_average_delay_ms,frsu_average_delay_ms,mbs_average_delay_ms,mrsu_average_rate_mbps,frsu_average_rate_mbps,mbs_average_rate_mbps,average_service_distance_m,mrsu_average_distance_m,frsu_average_distance_m,mbs_average_distance_m,mrsu_latency_request_count,frsu_latency_request_count,mbs_latency_request_count,request_count,hit_count,mrsu_hit_count,frsu_hit_count,mbs_miss_count,not_covered_count,not_cached_count,mrsu_position,mrsu_speed,mrsu_covered_count,frsu_covered_count,selected_hotspot_position,path_plan_status,path_plan_solver,decision_request_count,decision_request_source,evaluation_request_count,evaluation_request_source,cache_update_count
1050,0.20950606442485337,0.261532806469399,da_elc_model_deepseek_v4_flash,DA-ELC w/ deepseek-v4-flash,deepseek-v4-flash,llm_tool_agent (deepseek-v4-flash),50,50,50,0,0,9,10,0.18020679468242246,0.18020679468242246,60.71877030018946,57.48395591973552,rsu_covered_requests_only,677,0,27.348812560205864,29.99150345988754,67.83511455765367,33.08032911626576,29.179722600377648,31.27245048926765,194.43597190524366,80.80200223238022,107.26749494322746,217.2214343113524,76,46,555,677,122,76,46,555,0,555,197.0,0.0,34,28,150.0,fallback: No module named 'cvxpy',heuristic,680,predicted_history_signal,677,current_service_window_true_requests,9
1050,0.20950606442485337,0.261532806469399,da_elc_model_deepseek_v4_flash,DA-ELC w/ deepseek-v4-flash,deepseek-v4-flash,llm_tool_agent (deepseek-v4-flash),50,50,50,1,10,19,10,0.21159420289855072,0.2143906020558003,58.435970188858676,57.48395591973552,rsu_covered_requests_only,681,9,24.632548612339367,33.10141603995772,66.20450055676696,36.918507222604916,25.856834794773906,31.735931876730355,173.78584608653904,45.258375880950545,159.77727127740053,189.16766342026338,54,92,535,690,146,54,92,544,9,535,338.58798476194863,8.943646873721264,26,41,300.0,fallback: No module named 'cvxpy',heuristic,680,predicted_history_signal,690,current_service_window_true_requests,9
1050,0.20950606442485337,0.261532806469399,da_elc_model_deepseek_v4_flash,DA-ELC w/ deepseek-v4-flash,deepseek-v4-flash,llm_tool_agent (deepseek-v4-flash),50,50,50,2,20,29,10,0.17126269956458637,0.24279835390946503,53.20771148782644,57.48395591973552,rsu_covered_requests_only,486,203,26.485565738181304,30.36022552502867,61.10237173809788,33.81707485193215,29.54769703208987,43.649138173499566,117.2163828116701,60.04137640360929,127.33840587174723,123.84584169805692,54,64,368,689,118,54,64,571,203,368,522.1436349324637,8.943646873721264,26,37,450.0,fallback: No module named 'cvxpy',heuristic,680,predicted_history_signal,689,current_service_window_true_requests,9
1050,0.20950606442485337,0.261532806469399,da_elc_model_deepseek_v4_flash,DA-ELC w/ deepseek-v4-flash,deepseek-v4-flash,llm_tool_agent (deepseek-v4-flash),50,50,50,3,30,39,10,0.11695906432748537,0.21621621621621623,57.37643544830733,57.48395591973552,rsu_covered_requests_only,370,314,29.558407127077643,30.701383663161963,64.94395923873526,29.960070232753406,29.064363697995603,35.51575320029151,162.75544662460334,106.58508426057172,130.4744254929927,176.0265389551108,53,27,290,684,80,53,27,604,314,290,733.0194231822737,15.407717946708871,27,23,650.0,fallback: No module named 'cvxpy',heuristic,680,predicted_history_signal,684,current_service_window_true_requests,9
1050,0.20950606442485337,0.261532806469399,da_elc_model_deepseek_v4_flash,DA-ELC w/ deepseek-v4-flash,deepseek-v4-flash,llm_tool_agent (deepseek-v4-flash),50,50,50,4,40,49,10,0.16939078751857356,0.2651162790697674,62.7122994653386,57.48395591973552,rsu_covered_requests_only,430,243,29.603573837044916,33.82916111994683,74.14844631620952,29.82217703844316,25.193858006791306,24.591900496725422,265.7343992969745,105.15604254622653,176.8145282038726,315.04740630518563,76,38,316,673,114,76,38,559,243,316,869.7006416291495,0.0,28,23,800.0,fallback: No module named 'cvxpy',heuristic,680,predicted_history_signal,673,current_service_window_true_requests,9
1050,0.20950606442485337,0.261532806469399,da_elc_model_deepseek_v4_flash,DA-ELC w/ deepseek-v4-flash,deepseek-v4-flash,llm_tool_agent (deepseek-v4-flash),50,50,50,5,50,59,10,0.1965065502183406,0.21669341894060995,61.6987863940913,57.48395591973552,rsu_covered_requests_only,623,64,28.229490474946214,28.873764432661556,70.86529412369072,32.301480997036506,30.720099357603228,31.25711241855194,231.23440360917675,92.72909195997792,96.44310940598893,269.017673796515,65,70,488,687,135,65,70,552,64,488,995.2968554314688,7.1769265029896605,26,20,950.0,fallback: No module named 'cvxpy',heuristic,680,predicted_history_signal,687,current_service_window_true_requests,9
1050,0.20950606442485337,0.261532806469399,da_elc_model_deepseek_v4_flash,DA-ELC w/ deepseek-v4-flash,deepseek-v4-flash,llm_tool_agent (deepseek-v4-flash),50,50,50,6,60,69,10,0.25671641791044775,0.2642089093701997,58.35257984613983,57.48395591973552,rsu_covered_requests_only,651,19,30.982429379957118,29.615791570703966,68.4545905139305,28.002922612225262,30.63234681607076,33.340851648702554,200.44441006157433,121.7524381671316,113.64410972257281,230.3262862547305,76,96,479,670,172,76,96,498,19,479,214.6742887480557,30.0,30,30,300.0,fallback: No module named 'cvxpy',heuristic,680,predicted_history_signal,670,current_service_window_true_requests,9
1050,0.20950606442485337,0.261532806469399,da_elc_model_deepseek_v4_flash,DA-ELC w/ deepseek-v4-flash,deepseek-v4-flash,llm_tool_agent (deepseek-v4-flash),50,50,50,7,70,79,10,0.2776957163958641,0.3164983164983165,54.521345601727276,57.48395591973552,rsu_covered_requests_only,594,83,30.223789087226784,31.49518575249873,65.45927899630584,28.922037235328993,28.08875796398546,35.76373075507023,167.75780863920164,111.87716902840704,143.50567135649038,185.84330128457367,88,100,406,677,188,88,100,489,83,406,350.9454371763875,0.0,28,35,250.0,fallback: No module named 'cvxpy',heuristic,680,predicted_history_signal,677,current_service_window_true_requests,9
1050,0.20950606442485337,0.261532806469399,da_elc_model_deepseek_v4_flash,DA-ELC w/ deepseek-v4-flash,deepseek-v4-flash,llm_tool_agent (deepseek-v4-flash),50,50,50,8,80,89,10,0.2537313432835821,0.3837471783295711,51.76136192143327,57.48395591973552,rsu_covered_requests_only,443,227,30.604988689892892,32.74382452037375,64.35590257310463,28.54001760043666,26.360204124741692,36.04247085116477,154.60641365251132,119.27383779129754,158.8694936802055,165.87549555957048,96,74,273,670,170,96,74,500,227,273,507.0447517845937,28.381693565128415,26,35,650.0,fallback: No module named 'cvxpy',heuristic,680,predicted_history_signal,670,current_service_window_true_requests,9
1050,0.20950606442485337,0.261532806469399,da_elc_model_deepseek_v4_flash,DA-ELC w/ deepseek-v4-flash,deepseek-v4-flash,llm_tool_agent (deepseek-v4-flash),50,50,50,9,90,99,10,0.26099706744868034,0.3662551440329218,53.646805095494145,57.48395591973552,rsu_covered_requests_only,486,196,30.895264202889415,31.994341803297992,66.49210601383476,28.303787605870635,27.122794730601463,35.299989163212935,177.53193014122155,125.55837760201487,144.5512744163862,202.32704742290085,93,85,308,682,178,93,85,504,196,308,804.1875262102375,27.142774425643793,32,31,800.0,fallback: No module named 'cvxpy',heuristic,680,predicted_history_signal,682,current_service_window_true_requests,9
1050,0.30195584628758276,0.3803078064157241,da_elc_model_deepseek_v4_flash,DA-ELC w/ deepseek-v4-flash,deepseek-v4-flash,llm_tool_agent (deepseek-v4-flash),100,100,100,0,0,9,10,0.3072378138847858,0.3072378138847858,55.78235425034549,52.77519542213293,rsu_covered_requests_only,677,0,27.183547593058343,30.47926224680997,67.93177316512289,33.320514451205305,28.707337948509927,31.116429655508018,179.89811013341128,79.02928630070521,116.18150321342696,218.61270900726205,132,76,469,677,208,132,76,469,0,469,197.0,0.0,34,28,150.0,fallback: No module named 'cvxpy',heuristic,680,predicted_history_signal,677,current_service_window_true_requests,10
1050,0.30195584628758276,0.3803078064157241,da_elc_model_deepseek_v4_flash,DA-ELC w/ deepseek-v4-flash,deepseek-v4-flash,llm_tool_agent (deepseek-v4-flash),100,100,100,1,10,19,10,0.30144927536231886,0.3054331864904552,54.92919858768397,52.77519542213293,rsu_covered_requests_only,681,9,25.477701768481683,33.24383622709361,66.23849645773237,35.24296510926638,25.738091713897298,31.658613792863775,163.70672178501982,50.83028262247154,163.08271277038054,189.61170345736468,108,100,473,690,208,108,100,482,9,473,337.0,8.0,26,41,300.0,fallback: No module named 'cvxpy',heuristic,680,predicted_history_signal,690,current_service_window_true_requests,10
1050,0.30195584628758276,0.3803078064157241,da_elc_model_deepseek_v4_flash,DA-ELC w/ deepseek-v4-flash,deepseek-v4-flash,llm_tool_agent (deepseek-v4-flash),100,100,100,2,20,29,10,0.23222060957910015,0.3292181069958848,50.47552806044955,52.77519542213293,rsu_covered_requests_only,486,203,26.95702654747432,32.81759851964648,61.11949015697541,33.0016252561916,26.664983463598283,43.78442095534628,115.62236442900593,66.54036420218071,165.9683031094421,124.46200581222361,110,50,326,689,160,110,50,529,203,326,517.0,8.0,26,37,450.0,fallback: No module named 'cvxpy',heuristic,680,predicted_history_signal,689,current_service_window_true_requests,10
1050,0.30195584628758276,0.3803078064157241,da_elc_model_deepseek_v4_flash,DA-ELC w/ deepseek-v4-flash,deepseek-v4-flash,llm_tool_agent (deepseek-v4-flash),100,100,100,3,30,39,10,0.16374269005847952,0.30601092896174864,53.84463211016119,52.77519542213293,rsu_covered_requests_only,366,318,28.2800953987269,30.237421656257208,64.9553575443049,31.761207273134055,29.71817059599637,35.43053226884954,151.52304566035005,88.77956099224065,124.48951136535028,176.23706662488922,91,21,254,684,112,91,21,572,318,254,569.0,0.0,26,23,550.0,fallback: No module named 'cvxpy',heuristic,680,predicted_history_signal,684,current_service_window_true_requests,10
1050,0.30195584628758276,0.3803078064157241,da_elc_model_deepseek_v4_flash,DA-ELC w/ deepseek-v4-flash,deepseek-v4-flash,llm_tool_agent (deepseek-v4-flash),100,100,100,4,40,49,10,0.1827637444279346,0.3716012084592145,55.34028422618868,52.77519542213293,rsu_covered_requests_only,331,342,27.831012216912494,32.93091472276346,71.1174111830346,31.53715121126843,25.941853166755486,26.719244318099307,201.57805886806952,74.22035349717241,158.28737875151515,268.80718028890357,103,20,208,673,123,103,20,550,342,208,751.98355697786,30.0,21,23,800.0,fallback: No module named 'cvxpy',heuristic,680,predicted_history_signal,673,current_service_window_true_requests,10
1050,0.30195584628758276,0.3803078064157241,da_elc_model_deepseek_v4_flash,DA-ELC w/ deepseek-v4-flash,deepseek-v4-flash,llm_tool_agent (deepseek-v4-flash),100,100,100,5,50,59,10,0.3173216885007278,0.3488,56.60740321515873,52.77519542213293,rsu_covered_requests_only,625,62,30.008370172747558,28.19661703873218,71.32195673436573,29.19797041798481,31.447549312393857,30.726044128662416,213.6220690327916,108.971698634983,85.11988564741918,275.82900050801635,113,105,407,687,218,113,105,469,62,407,17.203018019224146,16.087784416545702,26,20,950.0,fallback: No module named 'cvxpy',heuristic,680,predicted_history_signal,687,current_service_window_true_requests,10
1050,0.30195584628758276,0.3803078064157241,da_elc_model_deepseek_v4_flash,DA-ELC w/ deepseek-v4-flash,deepseek-v4-flash,llm_tool_agent (deepseek-v4-flash),100,100,100,6,60,69,10,0.4059701492537313,0.4296998420221169,52.03732217367816,52.77519542213293,rsu_covered_requests_only,633,37,31.175155278362375,30.67562470520011,67.88210521435312,28.173112143559887,29.065795897995727,34.08565167681578,182.482401784718,131.97350055110925,125.4857617229449,222.17438341603247,181,91,361,670,272,181,91,398,37,361,294.012678833314,30.0,34,30,300.0,fallback: No module named 'cvxpy',heuristic,680,predicted_history_signal,670,current_service_window_true_requests,10
1050,0.30195584628758276,0.3803078064157241,da_elc_model_deepseek_v4_flash,DA-ELC w/ deepseek-v4-flash,deepseek-v4-flash,llm_tool_agent (deepseek-v4-flash),100,100,100,7,70,79,10,0.3412112259970458,0.4666666666666667,48.14138940232898,52.77519542213293,rsu_covered_requests_only,495,182,29.369275490544688,32.04919127080013,63.825951757115064,30.716675725894365,27.68471937292013,38.367852882309386,144.34654532271344,108.08505258606282,157.6410249129033,162.37237427084577,158,73,264,677,231,158,73,446,182,264,559.2341969430435,16.0886072438918,31,35,500.0,fallback: No module named 'cvxpy',heuristic,680,predicted_history_signal,677,current_service_window_true_requests,10
1050,0.30195584628758276,0.3803078064157241,da_elc_model_deepseek_v4_flash,DA-ELC w/ deepseek-v4-flash,deepseek-v4-flash,llm_tool_agent (deepseek-v4-flash),100,100,100,8,80,89,10,0.3776119402985075,0.49510763209393344,48.183603108209574,52.77519542213293,rsu_covered_requests_only,511,159,30.180266306849678,29.901550998480005,65.94822780665052,28.939341420093072,29.495922426035605,34.43018268010341,150.76185693799852,110.76421211339003,110.05653155404937,190.2641342933423,151,102,258,670,253,151,102,417,159,258,716.1202693819617,0.08860724389180064,25,35,650.0,fallback: No module named 'cvxpy',heuristic,680,predicted_history_signal,670,current_service_window_true_requests,10
1050,0.30195584628758276,0.3803078064157241,da_elc_model_deepseek_v4_flash,DA-ELC w/ deepseek-v4-flash,deepseek-v4-flash,llm_tool_agent (deepseek-v4-flash),100,100,100,9,90,99,10,0.39002932551319647,0.4523809523809524,51.22152022013578,52.77519542213293,rsu_covered_requests_only,588,94,29.517195725673893,30.082583875448698,68.95452283737828,30.242409051645296,29.18592439186656,33.22221932311853,180.69538617450053,108.43689312901027,111.54574827321618,239.30584385757302,154,112,322,682,266,154,112,416,94,322,853.7467775943164,7.436694398579107,25,31,800.0,fallback: No module named 'cvxpy',heuristic,680,predicted_history_signal,682,current_service_window_true_requests,10
1050,0.3968626210540832,0.48717948717948717,da_elc_model_deepseek_v4_flash,DA-ELC w/ deepseek-v4-flash,deepseek-v4-flash,llm_tool_agent (deepseek-v4-flash),150,150,150,0,0,9,10,0.41063515509601184,0.41063515509601184,51.55818432948797,49.098636194472235,rsu_covered_requests_only,677,0,27.121474859549522,30.786139961442217,67.74846179407608,33.35515765076111,28.367481178940533,31.296315345851234,164.7717420452344,77.45543008163726,120.97700807232378,215.68269725507784,187,91,399,677,278,187,91,399,0,399,197.0,0.0,34,28,150.0,fallback: No module named 'cvxpy',heuristic,680,predicted_history_signal,677,current_service_window_true_requests,9
1050,0.3968626210540832,0.48717948717948717,da_elc_model_deepseek_v4_flash,DA-ELC w/ deepseek-v4-flash,deepseek-v4-flash,llm_tool_agent (deepseek-v4-flash),150,150,150,1,10,19,10,0.43333333333333335,0.4390602055800294,49.99692907198816,49.098636194472235,rsu_covered_requests_only,681,9,25.312920790112912,33.193229006024595,66.45021607269229,35.58008544000482,25.778505016317396,31.418933171551387,153.1641663971356,50.545951948143966,161.8819919317258,192.97342441423146,160,139,382,690,299,160,139,391,9,382,337.0,8.0,26,41,300.0,fallback: No module named 'cvxpy',heuristic,680,predicted_history_signal,690,current_service_window_true_requests,9
1050,0.3968626210540832,0.48717948717948717,da_elc_model_deepseek_v4_flash,DA-ELC w/ deepseek-v4-flash,deepseek-v4-flash,llm_tool_agent (deepseek-v4-flash),150,150,150,2,20,29,10,0.34252539912917274,0.48559670781893005,45.49960249789094,49.098636194472235,rsu_covered_requests_only,486,203,26.735956271314922,31.762441037292554,61.583903471601936,33.31402123044903,27.97147012110015,42.191778077226765,112.08800447835326,64.18296722831407,150.87126179568466,129.22335220256215,155,81,250,689,236,155,81,453,203,250,517.0,8.0,26,37,450.0,fallback: No module named 'cvxpy',heuristic,680,predicted_history_signal,689,current_service_window_true_requests,9
1050,0.3968626210540832,0.48717948717948717,da_elc_model_deepseek_v4_flash,DA-ELC w/ deepseek-v4-flash,deepseek-v4-flash,llm_tool_agent (deepseek-v4-flash),150,150,150,3,30,39,10,0.27485380116959063,0.47715736040609136,49.41441261358592,49.098636194472235,rsu_covered_requests_only,394,290,30.923598056393978,32.09789726429819,66.12421096175515,28.161971393060252,27.641120988664436,34.09463610469705,163.1943985378605,124.89173273628069,155.71473957339913,193.81106830689242,159,29,206,684,188,159,29,496,290,206,751.7623531391864,30.0,29,23,900.0,fallback: No module named 'cvxpy',heuristic,680,predicted_history_signal,684,current_service_window_true_requests,9
1050,0.3968626210540832,0.48717948717948717,da_elc_model_deepseek_v4_flash,DA-ELC w/ deepseek-v4-flash,deepseek-v4-flash,llm_tool_agent (deepseek-v4-flash),150,150,150,4,40,49,10,0.32540861812778604,0.4866666666666667,53.02204687426904,49.098636194472235,rsu_covered_requests_only,450,223,30.146812980825423,33.41361463670784,73.93114701102498,28.998960120044558,25.521027111083637,24.730707351441445,220.63857030790848,111.2808275227329,166.27448831141584,311.22166263074786,164,55,231,673,219,164,55,454,223,231,879.7623531391864,0.0,29,23,800.0,fallback: No module named 'cvxpy',heuristic,680,predicted_history_signal,673,current_service_window_true_requests,9
1050,0.3968626210540832,0.48717948717948717,da_elc_model_deepseek_v4_flash,DA-ELC w/ deepseek-v4-flash,deepseek-v4-flash,llm_tool_agent (deepseek-v4-flash),150,150,150,5,50,59,10,0.4657933042212518,0.47690014903129657,51.3397847488943,49.098636194472235,rsu_covered_requests_only,671,16,31.424128294009204,29.051338109359605,70.34827941792302,27.513424243670944,30.48780300347794,31.982915710302915,192.2696717198285,129.32618353112636,97.78512391384776,260.9764800735658,194,126,351,687,320,194,126,367,16,351,73.22470010639836,30.0,29,20,100.0,fallback: No module named 'cvxpy',heuristic,680,predicted_history_signal,687,current_service_window_true_requests,9
1050,0.3968626210540832,0.48717948717948717,da_elc_model_deepseek_v4_flash,DA-ELC w/ deepseek-v4-flash,deepseek-v4-flash,llm_tool_agent (deepseek-v4-flash),150,150,150,6,60,69,10,0.42388059701492536,0.47651006711409394,49.90597084193102,49.098636194472235,rsu_covered_requests_only,596,74,30.72638520308172,32.39043591550439,66.86829649955249,28.628867787256294,26.46129929338697,34.839419903662,170.66749048295355,124.56287178358936,144.5702902013479,206.67076547579933,191,93,312,670,284,191,93,386,74,312,351.0649188945182,18.920109394059928,34,30,300.0,fallback: No module named 'cvxpy',heuristic,680,predicted_history_signal,670,current_service_window_true_requests,9
1050,0.3968626210540832,0.48717948717948717,da_elc_model_deepseek_v4_flash,DA-ELC w/ deepseek-v4-flash,deepseek-v4-flash,llm_tool_agent (deepseek-v4-flash),150,150,150,7,70,79,10,0.3988183161004431,0.5567010309278351,45.311929463807864,49.098636194472235,rsu_covered_requests_only,485,192,30.44526315221706,33.94440773137731,62.66341408342431,28.648349438052776,25.329169910073368,39.96312683927272,140.10254642646694,115.77156998379523,184.34934814844704,144.82144692965096,189,81,215,677,270,189,81,407,192,215,580.905137682638,10.0,27,35,500.0,fallback: No module named 'cvxpy',heuristic,680,predicted_history_signal,677,current_service_window_true_requests,9
1050,0.3968626210540832,0.48717948717948717,da_elc_model_deepseek_v4_flash,DA-ELC w/ deepseek-v4-flash,deepseek-v4-flash,llm_tool_agent (deepseek-v4-flash),150,150,150,8,80,89,10,0.44029850746268656,0.5772994129158513,44.98432426364306,49.098636194472235,rsu_covered_requests_only,511,159,29.794126317167606,30.4744884588512,65.45301188281947,29.93374018075562,28.515590517962686,34.57121762607201,142.61406623639567,113.88965074119274,114.13401363064868,181.74461548089917,207,88,216,670,295,207,88,375,159,216,684.905137682638,0.0,27,35,650.0,fallback: No module named 'cvxpy',heuristic,680,predicted_history_signal,670,current_service_window_true_requests,9
1050,0.3968626210540832,0.48717948717948717,da_elc_model_deepseek_v4_flash,DA-ELC w/ deepseek-v4-flash,deepseek-v4-flash,llm_tool_agent (deepseek-v4-flash),150,150,150,9,90,99,10,0.4530791788856305,0.5264054514480409,48.308708009852836,49.098636194472235,rsu_covered_requests_only,587,95,30.10630793532033,29.065205471786378,68.96030908519941,29.52737746479926,30.323830143254387,33.163115069979746,171.130981270351,117.36139961962549,95.6266128465713,239.65291238062528,197,112,278,682,309,197,112,373,95,278,856.905137682638,16.0,27,31,800.0,fallback: No module named 'cvxpy',heuristic,680,predicted_history_signal,682,current_service_window_true_requests,9
1050,0.4394046265883237,0.5507005899705014,da_elc_model_deepseek_v4_flash,DA-ELC w/ deepseek-v4-flash,deepseek-v4-flash,llm_tool_agent (deepseek-v4-flash),200,200,200,0,0,9,10,0.4667651403249631,0.4667651403249631,49.45690824251671,46.28155279285354,rsu_covered_requests_only,677,0,27.267414524886036,30.779694458167832,67.88800924411379,33.13776673955717,28.361441342054416,31.073107188170052,159.27275913987137,79.13815036747309,120.55952280097267,217.71474358269933,214,102,361,677,316,214,102,361,0,361,197.0,0.0,34,28,150.0,fallback: No module named 'cvxpy',heuristic,680,predicted_history_signal,677,current_service_window_true_requests,8
1050,0.4394046265883237,0.5507005899705014,da_elc_model_deepseek_v4_flash,DA-ELC w/ deepseek-v4-flash,deepseek-v4-flash,llm_tool_agent (deepseek-v4-flash),200,200,200,1,10,19,10,0.5289855072463768,0.5359765051395007,46.16940571431633,46.28155279285354,rsu_covered_requests_only,681,9,25.14851562521483,33.3292896813471,66.3853657007381,35.783947001050265,25.68892164844965,31.52804721091774,141.9605036378694,48.2407905624211,165.43793083148628,191.98501075905736,208,157,316,690,365,208,157,325,9,316,337.0,8.0,26,41,300.0,fallback: No module named 'cvxpy',heuristic,680,predicted_history_signal,690,current_service_window_true_requests,8
1050,0.4394046265883237,0.5507005899705014,da_elc_model_deepseek_v4_flash,DA-ELC w/ deepseek-v4-flash,deepseek-v4-flash,llm_tool_agent (deepseek-v4-flash),200,200,200,2,20,29,10,0.38316400580551524,0.5432098765432098,43.50723990477737,46.28155279285354,rsu_covered_requests_only,486,203,27.007885669011507,32.99871092143258,60.834309147058434,32.95796029319961,26.45937829494113,43.99417505610998,109.28064069037605,67.9180369514638,169.19158625854988,119.69269337492788,179,85,222,689,264,179,85,425,203,222,517.0,8.0,26,37,450.0,fallback: No module named 'cvxpy',heuristic,680,predicted_history_signal,689,current_service_window_true_requests,8
1050,0.4394046265883237,0.5507005899705014,da_elc_model_deepseek_v4_flash,DA-ELC w/ deepseek-v4-flash,deepseek-v4-flash,llm_tool_agent (deepseek-v4-flash),200,200,200,3,30,39,10,0.2807017543859649,0.5245901639344263,46.11906172548546,46.28155279285354,rsu_covered_requests_only,366,318,28.769018626928695,30.10890917164438,65.11762698165387,31.186239097074917,29.684312280138965,34.897288748097125,136.78184852123366,97.01590446852762,121.05647778358238,178.03639084958718,173,19,174,684,192,173,19,492,318,174,569.0,0.0,26,23,550.0,fallback: No module named 'cvxpy',heuristic,680,predicted_history_signal,684,current_service_window_true_requests,8
1050,0.4394046265883237,0.5507005899705014,da_elc_model_deepseek_v4_flash,DA-ELC w/ deepseek-v4-flash,deepseek-v4-flash,llm_tool_agent (deepseek-v4-flash),200,200,200,4,40,49,10,0.2867756315007429,0.5316804407713499,49.546844668986026,46.28155279285354,rsu_covered_requests_only,363,310,27.796501899863436,32.84744408243744,73.25940385966672,31.816894484862598,25.99773947957649,25.16775498375456,189.58655143737553,76.60809535721219,155.73564879345278,302.4902735554672,160,33,170,673,193,160,33,480,310,170,771.0,30.0,22,23,800.0,fallback: No module named 'cvxpy',heuristic,680,predicted_history_signal,673,current_service_window_true_requests,8
1050,0.4394046265883237,0.5507005899705014,da_elc_model_deepseek_v4_flash,DA-ELC w/ deepseek-v4-flash,deepseek-v4-flash,llm_tool_agent (deepseek-v4-flash),200,200,200,5,50,59,10,0.49199417758369723,0.5408,48.04613852295816,46.28155279285354,rsu_covered_requests_only,625,62,29.986661847752202,28.41833321675589,70.0688997330526,29.1499319565414,31.19590743913976,32.35720480325234,172.14175708104355,107.63005723213644,88.12517160941579,257.4958642756988,200,138,287,687,338,200,138,349,62,287,26.0,13.0,26,20,950.0,fallback: No module named 'cvxpy',heuristic,680,predicted_history_signal,687,current_service_window_true_requests,8
1050,0.4394046265883237,0.5507005899705014,da_elc_model_deepseek_v4_flash,DA-ELC w/ deepseek-v4-flash,deepseek-v4-flash,llm_tool_agent (deepseek-v4-flash),200,200,200,6,60,69,10,0.5507462686567164,0.5507462686567164,46.84212236386774,46.28155279285354,rsu_covered_requests_only,670,0,29.399907306162305,29.17874589665684,68.35482311395336,30.684888345394597,30.963069226617332,33.3855012617046,161.066533485783,107.58687929968978,104.04909955651455,228.70832554296047,192,177,301,670,369,192,177,301,0,301,71.0,0.0,26,30,50.0,fallback: No module named 'cvxpy',heuristic,680,predicted_history_signal,670,current_service_window_true_requests,8
1050,0.4394046265883237,0.5507005899705014,da_elc_model_deepseek_v4_flash,DA-ELC w/ deepseek-v4-flash,deepseek-v4-flash,llm_tool_agent (deepseek-v4-flash),200,200,200,7,70,79,10,0.5627769571639586,0.58887171561051,44.629653165034135,46.28155279285354,rsu_covered_requests_only,647,30,28.42335166517582,30.258477821026155,66.34536179520892,30.99111313974914,29.436311861416044,35.56848204018845,144.73470697545167,83.54319582814637,122.55478462716302,200.5559512526573,164,217,266,677,381,164,217,296,30,266,265.24070103477203,30.0,21,35,300.0,fallback: No module named 'cvxpy',heuristic,680,predicted_history_signal,677,current_service_window_true_requests,8
1050,0.4394046265883237,0.5507005899705014,da_elc_model_deepseek_v4_flash,DA-ELC w/ deepseek-v4-flash,deepseek-v4-flash,llm_tool_agent (deepseek-v4-flash),200,200,200,8,80,89,10,0.44477611940298506,0.6273684210526316,44.049879980905054,46.28155279285354,rsu_covered_requests_only,475,195,30.450219317978156,34.860554073174434,65.25211791423197,28.89723701345503,24.345298567350554,34.40222226535062,153.51321428701607,120.52460101426544,200.0,178.5204438025513,230,68,177,670,298,230,68,372,195,177,481.24070103477203,6.0,28,35,400.0,fallback: No module named 'cvxpy',heuristic,680,predicted_history_signal,670,current_service_window_true_requests,8
1050,0.4394046265883237,0.5507005899705014,da_elc_model_deepseek_v4_flash,DA-ELC w/ deepseek-v4-flash,deepseek-v4-flash,llm_tool_agent (deepseek-v4-flash),200,200,200,9,90,99,10,0.3973607038123167,0.6244239631336406,43.5154682658197,46.28155279285354,rsu_covered_requests_only,434,248,30.531654910360526,33.19288666600208,64.30205147626755,28.56889012319209,25.743049968766734,37.39959769427586,142.2113568518106,117.95800898584788,163.0484548709808,168.97961098251236,222,49,163,682,271,222,49,411,248,163,711.5399293384352,30.0,27,31,800.0,fallback: No module named 'cvxpy',heuristic,680,predicted_history_signal,682,current_service_window_true_requests,8
1050,0.500107157190665,0.612281649558797,da_elc_model_deepseek_v4_flash,DA-ELC w/ deepseek-v4-flash,deepseek-v4-flash,llm_tool_agent (deepseek-v4-flash),250,250,250,0,0,9,10,0.5214180206794683,0.5214180206794683,47.12508662058592,44.017143468306955,rsu_covered_requests_only,677,0,27.181553282922,30.657399386057882,67.67361809234646,33.23485778253819,28.531641013226686,31.208053274412357,149.72422028963678,77.63182551017303,119.23364583963081,214.14525461343416,243,110,324,677,353,243,110,324,0,324,197.0,0.0,34,28,150.0,fallback: No module named 'cvxpy',heuristic,680,predicted_history_signal,677,current_service_window_true_requests,9
1050,0.500107157190665,0.612281649558797,da_elc_model_deepseek_v4_flash,DA-ELC w/ deepseek-v4-flash,deepseek-v4-flash,llm_tool_agent (deepseek-v4-flash),250,250,250,1,10,19,10,0.5710144927536231,0.57856093979442,44.55626712967135,44.017143468306955,rsu_covered_requests_only,681,9,25.19094924413771,33.43493805668927,66.28693311426731,35.66578792056928,25.57676889848406,31.684831109506714,137.6354435663863,47.92298877759251,167.25666743031937,190.52504459242783,225,169,287,690,394,225,169,296,9,287,337.0,8.0,26,41,300.0,fallback: No module named 'cvxpy',heuristic,680,predicted_history_signal,690,current_service_window_true_requests,9
1050,0.500107157190665,0.612281649558797,da_elc_model_deepseek_v4_flash,DA-ELC w/ deepseek-v4-flash,deepseek-v4-flash,llm_tool_agent (deepseek-v4-flash),250,250,250,2,20,29,10,0.41944847605224966,0.5946502057613169,41.91828771308912,44.017143468306955,rsu_covered_requests_only,486,203,27.068141041996764,33.82141854810061,60.92679994634433,32.79710087215493,25.530302325315432,43.92085505766097,108.5237678316109,67.50724498080416,182.95882039191665,121.22527796147403,208,81,197,689,289,208,81,400,203,197,517.0,8.0,26,37,450.0,fallback: No module named 'cvxpy',heuristic,680,predicted_history_signal,689,current_service_window_true_requests,9
1050,0.500107157190665,0.612281649558797,da_elc_model_deepseek_v4_flash,DA-ELC w/ deepseek-v4-flash,deepseek-v4-flash,llm_tool_agent (deepseek-v4-flash),250,250,250,3,30,39,10,0.31871345029239767,0.5891891891891892,43.23556155364756,44.017143468306955,rsu_covered_requests_only,370,314,27.792607731015195,30.35722652477406,65.2321560548977,31.981025166362556,28.531585676865056,34.60649806293122,121.35749336873933,79.51872841628277,111.4291572475165,179.4736571855448,209,9,152,684,218,209,9,466,314,152,649.0,0.0,27,23,600.0,fallback: No module named 'cvxpy',heuristic,680,predicted_history_signal,684,current_service_window_true_requests,9
1050,0.500107157190665,0.612281649558797,da_elc_model_deepseek_v4_flash,DA-ELC w/ deepseek-v4-flash,deepseek-v4-flash,llm_tool_agent (deepseek-v4-flash),250,250,250,4,40,49,10,0.3655274888558692,0.6373056994818653,45.3281717939215,44.017143468306955,rsu_covered_requests_only,386,287,28.424189251386103,32.83447631508127,73.9598142603363,31.069149757709944,26.00909876717028,24.82264613670542,174.47883530192018,86.35789427302699,154.87009833435795,312.6812392663664,212,34,140,673,246,212,34,427,287,140,839.0,22.0,25,23,800.0,fallback: No module named 'cvxpy',heuristic,680,predicted_history_signal,673,current_service_window_true_requests,9
1050,0.500107157190665,0.612281649558797,da_elc_model_deepseek_v4_flash,DA-ELC w/ deepseek-v4-flash,deepseek-v4-flash,llm_tool_agent (deepseek-v4-flash),250,250,250,5,50,59,10,0.5574963609898108,0.5901386748844376,46.13575617463226,44.017143468306955,rsu_covered_requests_only,649,38,30.20430698756475,28.333918710695414,70.12937752868211,28.954744601594356,31.309046693029327,32.10406667030065,165.96174619175036,111.87904640785831,86.99718209599624,257.8638276353969,233,150,266,687,383,233,150,304,38,266,23.0,2.0,28,20,950.0,fallback: No module named 'cvxpy',heuristic,680,predicted_history_signal,687,current_service_window_true_requests,9
1050,0.500107157190665,0.612281649558797,da_elc_model_deepseek_v4_flash,DA-ELC w/ deepseek-v4-flash,deepseek-v4-flash,llm_tool_agent (deepseek-v4-flash),250,250,250,6,60,69,10,0.5567164179104478,0.5892575039494471,45.47203158431583,44.017143468306955,rsu_covered_requests_only,633,37,31.37820053034696,28.746895321917044,67.16883752108951,27.459926630343006,31.82136152975631,34.58785280174273,155.54518351514184,126.09265501414646,102.97339864876443,210.78058566982284,227,146,260,670,373,227,146,297,37,260,238.20391082661186,30.0,29,30,300.0,fallback: No module named 'cvxpy',heuristic,680,predicted_history_signal,670,current_service_window_true_requests,9
1050,0.500107157190665,0.612281649558797,da_elc_model_deepseek_v4_flash,DA-ELC w/ deepseek-v4-flash,deepseek-v4-flash,llm_tool_agent (deepseek-v4-flash),250,250,250,7,70,79,10,0.5627769571639586,0.6695957820738138,42.542785913016296,44.017143468306955,rsu_covered_requests_only,569,108,30.40592399185799,34.551756829612366,65.33100984527935,29.122454073289116,24.695737851872895,36.22098840800532,153.47504506692545,122.54493020074524,194.17629962843031,184.91441459322593,299,82,188,677,381,299,82,296,108,188,526.2039108266118,22.0,34,35,500.0,fallback: No module named 'cvxpy',heuristic,680,predicted_history_signal,677,current_service_window_true_requests,9
1050,0.500107157190665,0.612281649558797,da_elc_model_deepseek_v4_flash,DA-ELC w/ deepseek-v4-flash,deepseek-v4-flash,llm_tool_agent (deepseek-v4-flash),250,250,250,8,80,89,10,0.5223880597014925,0.684931506849315,41.19175215053598,44.017143468306955,rsu_covered_requests_only,511,159,30.29930689918205,29.467982880230416,65.39765828660396,28.775380014114162,30.32899038198809,34.368274852294114,132.5616299052906,112.04177773437938,106.9186865086237,180.41568931427202,248,102,161,670,350,248,102,320,159,161,738.2039108266118,6.0,27,35,650.0,fallback: No module named 'cvxpy',heuristic,680,predicted_history_signal,670,current_service_window_true_requests,9
1050,0.500107157190665,0.612281649558797,da_elc_model_deepseek_v4_flash,DA-ELC w/ deepseek-v4-flash,deepseek-v4-flash,llm_tool_agent (deepseek-v4-flash),250,250,250,9,90,99,10,0.6055718475073314,0.6988155668358714,41.172324742068774,44.017143468306955,rsu_covered_requests_only,591,91,29.738379262337055,28.791768270385113,68.48339945524931,30.358694142714956,30.635430088832305,34.156849224426054,145.04653568247724,115.82894407005017,91.22045105717986,233.1606582039622,266,147,178,682,413,266,147,269,91,178,839.1843566935527,0.0,28,31,800.0,fallback: No module named 'cvxpy',heuristic,680,predicted_history_signal,682,current_service_window_true_requests,9
1050,0.5340411625966718,0.6618665694495078,da_elc_model_deepseek_v4_flash,DA-ELC w/ deepseek-v4-flash,deepseek-v4-flash,llm_tool_agent (deepseek-v4-flash),300,300,300,0,0,9,10,0.5657311669128509,0.5657311669128509,45.5262044627745,42.33842217678932,rsu_covered_requests_only,677,0,27.215122185013662,30.63017814015936,67.9400737619049,33.21984159617402,28.546466093963897,30.8169348013392,146.45373256590972,78.51010906286693,118.41056955458272,218.13655807846968,259,124,294,677,383,259,124,294,0,294,197.0,0.0,34,28,150.0,fallback: No module named 'cvxpy',heuristic,680,predicted_history_signal,677,current_service_window_true_requests,8
1050,0.5340411625966718,0.6618665694495078,da_elc_model_deepseek_v4_flash,DA-ELC w/ deepseek-v4-flash,deepseek-v4-flash,llm_tool_agent (deepseek-v4-flash),300,300,300,1,10,19,10,0.6173913043478261,0.6255506607929515,42.81585701575397,42.33842217678932,rsu_covered_requests_only,681,9,25.17093807657808,33.27729827977176,66.4121661549622,35.657833833637575,25.730222170990963,31.506395460873627,133.4616692290641,47.369995688798376,164.36202068261662,192.40883904983605,241,185,255,690,426,241,185,264,9,255,337.0,8.0,26,41,300.0,fallback: No module named 'cvxpy',heuristic,680,predicted_history_signal,690,current_service_window_true_requests,8
1050,0.5340411625966718,0.6618665694495078,da_elc_model_deepseek_v4_flash,DA-ELC w/ deepseek-v4-flash,deepseek-v4-flash,llm_tool_agent (deepseek-v4-flash),300,300,300,2,20,29,10,0.4455732946298984,0.6316872427983539,40.77021729079758,42.33842217678932,rsu_covered_requests_only,486,203,26.91954396166646,34.258477917370875,61.08131371406064,32.97145054518463,24.93722186907998,43.634977187865694,107.98898791777404,65.23440034035275,188.73535874291687,123.36093138399161,223,84,179,689,307,223,84,382,203,179,517.0,8.0,26,37,450.0,fallback: No module named 'cvxpy',heuristic,680,predicted_history_signal,689,current_service_window_true_requests,8
1050,0.5340411625966718,0.6618665694495078,da_elc_model_deepseek_v4_flash,DA-ELC w/ deepseek-v4-flash,deepseek-v4-flash,llm_tool_agent (deepseek-v4-flash),300,300,300,3,30,39,10,0.3347953216374269,0.6189189189189189,43.13509209267005,42.33842217678932,rsu_covered_requests_only,370,314,29.218007789926997,30.333156718235916,65.65892766745779,30.19130057700686,28.694369138419614,34.23461920971167,133.17566221182253,99.68986752908268,114.68946581859718,186.49659128595218,219,10,141,684,229,219,10,455,314,141,727.0,14.0,27,23,650.0,fallback: No module named 'cvxpy',heuristic,680,predicted_history_signal,684,current_service_window_true_requests,8
1050,0.5340411625966718,0.6618665694495078,da_elc_model_deepseek_v4_flash,DA-ELC w/ deepseek-v4-flash,deepseek-v4-flash,llm_tool_agent (deepseek-v4-flash),300,300,300,4,40,49,10,0.40416047548291234,0.6460807600950119,45.421730393683404,42.33842217678932,rsu_covered_requests_only,421,252,29.100121743290902,32.70631091604555,74.1761694438734,30.81133430625435,26.097196046598413,24.700636648082444,181.53263471742727,100.188764209975,150.63260692156172,315.4685242572178,229,43,149,673,272,229,43,401,252,149,865.0,0.0,27,23,800.0,fallback: No module named 'cvxpy',heuristic,680,predicted_history_signal,673,current_service_window_true_requests,8
1050,0.5340411625966718,0.6618665694495078,da_elc_model_deepseek_v4_flash,DA-ELC w/ deepseek-v4-flash,deepseek-v4-flash,llm_tool_agent (deepseek-v4-flash),300,300,300,5,50,59,10,0.6404657933042213,0.6557377049180327,44.0293040923133,42.33842217678932,rsu_covered_requests_only,671,16,31.3493832785639,28.348931644935078,70.36368085637989,27.658882885611032,31.30482519245191,31.82843619177074,164.17751445218403,129.40303265657786,87.30160561361201,261.0338423019025,272,168,231,687,440,272,168,247,16,231,67.0,30.0,31,20,100.0,fallback: No module named 'cvxpy',heuristic,680,predicted_history_signal,687,current_service_window_true_requests,8
1050,0.5340411625966718,0.6618665694495078,da_elc_model_deepseek_v4_flash,DA-ELC w/ deepseek-v4-flash,deepseek-v4-flash,llm_tool_agent (deepseek-v4-flash),300,300,300,6,60,69,10,0.6044776119402985,0.6795302013422819,42.6009280600915,42.33842217678932,rsu_covered_requests_only,596,74,30.746747565903014,32.085760494445964,66.90951222018712,28.542928659892365,27.044548163173996,33.530547265437704,153.88357789197838,124.56120662864734,142.57327260030573,204.93141337361908,287,118,191,670,405,287,118,265,74,191,343.0,18.0,34,30,300.0,fallback: No module named 'cvxpy',heuristic,680,predicted_history_signal,670,current_service_window_true_requests,8
1050,0.5340411625966718,0.6618665694495078,da_elc_model_deepseek_v4_flash,DA-ELC w/ deepseek-v4-flash,deepseek-v4-flash,llm_tool_agent (deepseek-v4-flash),300,300,300,7,70,79,10,0.5273264401772526,0.7360824742268042,39.498373704871334,42.33842217678932,rsu_covered_requests_only,485,192,29.255499935841144,34.43585979527599,63.37168770369427,30.281208756807008,24.812165068686827,39.60082387709862,137.11850316420356,99.55410063812725,192.94994983539627,157.24798124956322,241,116,128,677,357,241,116,320,192,128,571.0,10.0,25,35,500.0,fallback: No module named 'cvxpy',heuristic,680,predicted_history_signal,677,current_service_window_true_requests,8
1050,0.5340411625966718,0.6618665694495078,da_elc_model_deepseek_v4_flash,DA-ELC w/ deepseek-v4-flash,deepseek-v4-flash,llm_tool_agent (deepseek-v4-flash),300,300,300,8,80,89,10,0.5611940298507463,0.735812133072407,39.07033892735688,42.33842217678932,rsu_covered_requests_only,511,159,29.80793247012964,29.065355437471794,65.5829303507862,29.449506759171687,30.50773783419593,34.12418440428625,124.28320531152075,106.41071854486306,96.75357908320127,183.36085830618237,246,130,135,670,376,246,130,294,159,135,716.0,1.0,25,35,650.0,fallback: No module named 'cvxpy',heuristic,680,predicted_history_signal,670,current_service_window_true_requests,8
1050,0.5340411625966718,0.6618665694495078,da_elc_model_deepseek_v4_flash,DA-ELC w/ deepseek-v4-flash,deepseek-v4-flash,llm_tool_agent (deepseek-v4-flash),300,300,300,9,90,99,10,0.6392961876832844,0.7414965986394558,39.689483386027945,42.33842217678932,rsu_covered_requests_only,588,94,30.004789872347136,28.54981490787045,69.02953135428145,29.87067083466042,30.96014211718369,33.05715833250628,141.61629132808514,117.98222271363402,88.57700345778947,240.94197984521242,273,163,152,682,436,273,163,246,94,152,836.0,3.0,27,31,800.0,fallback: No module named 'cvxpy',heuristic,680,predicted_history_signal,682,current_service_window_true_requests,8
1050,0.5611027548662879,0.6962395034684191,da_elc_model_deepseek_v4_flash,DA-ELC w/ deepseek-v4-flash,deepseek-v4-flash,llm_tool_agent (deepseek-v4-flash),350,350,350,0,0,9,10,0.638109305760709,0.638109305760709,42.56466890073988,40.851197329697264,rsu_covered_requests_only,677,0,27.10346012472287,30.792053050906016,67.76428098381034,33.358527230372374,28.34683221390054,31.074896956092754,135.95083821407545,77.00186639108692,120.56971434618613,215.53108579645277,295,137,245,677,432,295,137,245,0,245,197.0,0.0,34,28,150.0,fallback: No module named 'cvxpy',heuristic,680,predicted_history_signal,677,current_service_window_true_requests,8
1050,0.5611027548662879,0.6962395034684191,da_elc_model_deepseek_v4_flash,DA-ELC w/ deepseek-v4-flash,deepseek-v4-flash,llm_tool_agent (deepseek-v4-flash),350,350,350,1,10,19,10,0.6231884057971014,0.631424375917768,42.58695214484989,40.851197329697264,rsu_covered_requests_only,681,9,25.10921131159112,33.35927654678642,66.21809171912786,35.74805106264952,25.665533319074555,31.73015487923763,132.99477073588358,46.68329048706524,166.2911308924432,189.3662095771558,238,192,251,690,430,238,192,260,9,251,337.0,8.0,26,41,300.0,fallback: No module named 'cvxpy',heuristic,680,predicted_history_signal,690,current_service_window_true_requests,8
1050,0.5611027548662879,0.6962395034684191,da_elc_model_deepseek_v4_flash,DA-ELC w/ deepseek-v4-flash,deepseek-v4-flash,llm_tool_agent (deepseek-v4-flash),350,350,350,2,20,29,10,0.5007256894049347,0.7098765432098766,38.267300165566375,40.851197329697264,rsu_covered_requests_only,486,203,27.144489628987987,33.294277928925446,61.38282878205874,32.70911940929501,26.195088186850466,42.917645984435275,106.41492283596683,68.76139905881831,175.90171289775014,127.1190093767941,251,94,141,689,345,251,94,344,203,141,517.0,8.0,26,37,450.0,fallback: No module named 'cvxpy',heuristic,680,predicted_history_signal,689,current_service_window_true_requests,8
1050,0.5611027548662879,0.6962395034684191,da_elc_model_deepseek_v4_flash,DA-ELC w/ deepseek-v4-flash,deepseek-v4-flash,llm_tool_agent (deepseek-v4-flash),350,350,350,3,30,39,10,0.3742690058479532,0.6918918918918919,39.505719011110244,40.851197329697264,rsu_covered_requests_only,370,314,27.83690649399406,31.967816798903208,65.31077156398518,31.917225720267076,27.618162904632914,34.539837794810815,113.205354713842,80.00013584500891,150.77872486866156,180.94194726788666,245,11,114,684,256,245,11,428,314,114,649.0,0.0,27,23,600.0,fallback: No module named 'cvxpy',heuristic,680,predicted_history_signal,684,current_service_window_true_requests,8
1050,0.5611027548662879,0.6962395034684191,da_elc_model_deepseek_v4_flash,DA-ELC w/ deepseek-v4-flash,deepseek-v4-flash,llm_tool_agent (deepseek-v4-flash),350,350,350,4,40,49,10,0.4160475482912333,0.7253886010362695,41.62512873444751,40.851197329697264,rsu_covered_requests_only,386,287,28.599066661532905,32.827637523879545,74.51769182545615,30.868515482300268,26.013081250625135,24.472005888904654,159.2619882961463,88.87978039893326,154.67115944988984,321.59166572334726,242,38,106,673,280,242,38,393,287,106,839.0,22.0,25,23,800.0,fallback: No module named 'cvxpy',heuristic,680,predicted_history_signal,673,current_service_window_true_requests,8
1050,0.5611027548662879,0.6962395034684191,da_elc_model_deepseek_v4_flash,DA-ELC w/ deepseek-v4-flash,deepseek-v4-flash,llm_tool_agent (deepseek-v4-flash),350,350,350,5,50,59,10,0.6564774381368268,0.6949152542372882,42.204751181769616,40.851197329697264,rsu_covered_requests_only,649,38,30.40189211245383,28.2476338177909,71.12361856239279,28.72187374152535,31.41192302350701,30.955335274171972,154.58860555759654,114.68200940511593,85.92889532932385,272.6426823098282,264,187,198,687,451,264,187,236,38,198,23.0,2.0,28,20,950.0,fallback: No module named 'cvxpy',heuristic,680,predicted_history_signal,687,current_service_window_true_requests,8
1050,0.5611027548662879,0.6962395034684191,da_elc_model_deepseek_v4_flash,DA-ELC w/ deepseek-v4-flash,deepseek-v4-flash,llm_tool_agent (deepseek-v4-flash),350,350,350,6,60,69,10,0.6970149253731344,0.6970149253731344,41.0278258402815,40.851197329697264,rsu_covered_requests_only,670,0,29.5631628119545,29.241576140773272,67.75705268054409,29.91185287498668,30.884365513841995,33.7930938081182,139.55570120503083,104.76923476694088,105.11957800318734,219.1951245630052,243,224,203,670,467,243,224,203,0,203,60.0,0.0,26,30,50.0,fallback: No module named 'cvxpy',heuristic,680,predicted_history_signal,670,current_service_window_true_requests,8
1050,0.5611027548662879,0.6962395034684191,da_elc_model_deepseek_v4_flash,DA-ELC w/ deepseek-v4-flash,deepseek-v4-flash,llm_tool_agent (deepseek-v4-flash),350,350,350,7,70,79,10,0.6883308714918759,0.7202472952086554,39.77417511989273,40.851197329697264,rsu_covered_requests_only,647,30,28.764716080703554,30.0472508203428,66.16328188299617,30.41625806068133,29.71331613174125,35.26042548447164,131.530277279344,86.09325783932516,120.00935588016962,196.79440987478992,190,276,181,677,466,190,276,211,30,181,244.0,20.0,20,35,200.0,fallback: No module named 'cvxpy',heuristic,680,predicted_history_signal,677,current_service_window_true_requests,8
1050,0.5611027548662879,0.6962395034684191,da_elc_model_deepseek_v4_flash,DA-ELC w/ deepseek-v4-flash,deepseek-v4-flash,llm_tool_agent (deepseek-v4-flash),350,350,350,8,80,89,10,0.5417910447761194,0.7348178137651822,40.48381932304445,40.851197329697264,rsu_covered_requests_only,494,176,29.69352765944372,34.44746314616155,65.7748580029979,29.74837503567702,24.665178442913593,33.34416164456074,149.47719135142714,107.8360001702173,189.4833664848541,185.7102972813531,236,127,131,670,363,236,127,307,176,131,424.0,2.0,24,35,350.0,fallback: No module named 'cvxpy',heuristic,680,predicted_history_signal,670,current_service_window_true_requests,8
1050,0.5611027548662879,0.6962395034684191,da_elc_model_deepseek_v4_flash,DA-ELC w/ deepseek-v4-flash,deepseek-v4-flash,llm_tool_agent (deepseek-v4-flash),350,350,350,9,90,99,10,0.4750733137829912,0.7751196172248804,38.44525174988877,40.851197329697264,rsu_covered_requests_only,418,264,29.890634490611262,34.08270873706509,64.40825309601708,29.32558116175872,25.06814993218631,37.72064961591924,137.22155490537583,108.41951815479904,185.18950724973254,171.97720138077077,245,79,94,682,324,245,79,358,264,94,626.8597894037259,30.0,24,31,800.0,fallback: No module named 'cvxpy',heuristic,680,predicted_history_signal,682,current_service_window_true_requests,8
1050,0.6001268997193223,0.745750319868397,da_elc_model_deepseek_v4_flash,DA-ELC w/ deepseek-v4-flash,deepseek-v4-flash,llm_tool_agent (deepseek-v4-flash),400,400,400,0,0,9,10,0.689807976366322,0.689807976366322,40.60864412166423,39.10616259203621,rsu_covered_requests_only,677,0,27.00722960403017,30.93276578710763,67.92079364067348,33.473093635934184,28.18862992466124,30.94978964339308,130.7700462095282,75.66600869844744,122.7878046232007,218.08177743566372,310,157,210,677,467,310,157,210,0,210,197.0,0.0,34,28,150.0,fallback: No module named 'cvxpy',heuristic,680,predicted_history_signal,677,current_service_window_true_requests,6
1050,0.6001268997193223,0.745750319868397,da_elc_model_deepseek_v4_flash,DA-ELC w/ deepseek-v4-flash,deepseek-v4-flash,llm_tool_agent (deepseek-v4-flash),400,400,400,1,10,19,10,0.6695652173913044,0.6784140969162996,40.791674134101875,39.10616259203621,rsu_covered_requests_only,681,9,24.971249090318494,33.440282025037675,66.0452789465991,35.94283291799713,25.59219705628014,32.00200326926121,128.58021477251447,45.184155706878386,167.93672646736493,186.80368248311584,252,210,219,690,462,252,210,228,9,219,337.0,8.0,26,41,300.0,fallback: No module named 'cvxpy',heuristic,680,predicted_history_signal,690,current_service_window_true_requests,6
1050,0.6001268997193223,0.745750319868397,da_elc_model_deepseek_v4_flash,DA-ELC w/ deepseek-v4-flash,deepseek-v4-flash,llm_tool_agent (deepseek-v4-flash),400,400,400,2,20,29,10,0.4818577648766328,0.6831275720164609,39.05435090895027,39.10616259203621,rsu_covered_requests_only,486,203,26.726931460227163,34.86055407317446,61.35227185263428,33.297738225967954,24.345298567350543,42.580207197248896,106.23783204591753,63.98022078666127,200.0,125.79578543418144,251,81,154,689,332,251,81,357,203,154,517.0,8.0,26,37,450.0,fallback: No module named 'cvxpy',heuristic,680,predicted_history_signal,689,current_service_window_true_requests,6
1050,0.6001268997193223,0.745750319868397,da_elc_model_deepseek_v4_flash,DA-ELC w/ deepseek-v4-flash,deepseek-v4-flash,llm_tool_agent (deepseek-v4-flash),400,400,400,3,30,39,10,0.4137426900584795,0.7648648648648648,37.81274971500341,39.10616259203621,rsu_covered_requests_only,370,314,29.122611376802876,32.62241949081132,65.83930489921839,30.33053837662013,26.278592695317062,33.36746034089701,120.62918928588758,98.78979647616897,153.26843753681672,187.912825134008,277,6,87,684,283,277,6,401,314,87,727.0,14.0,27,23,650.0,fallback: No module named 'cvxpy',heuristic,680,predicted_history_signal,684,current_service_window_true_requests,6
1050,0.6001268997193223,0.745750319868397,da_elc_model_deepseek_v4_flash,DA-ELC w/ deepseek-v4-flash,deepseek-v4-flash,llm_tool_agent (deepseek-v4-flash),400,400,400,4,40,49,10,0.4799405646359584,0.7672209026128266,39.885470853151595,39.10616259203621,rsu_covered_requests_only,421,252,29.217025481753726,32.610526748965334,73.5588106538803,30.612386311185006,26.176183774956076,25.273235563651493,153.68923354907707,101.28656632617965,148.45222818155642,305.709009602288,280,43,98,673,323,280,43,350,252,98,865.0,0.0,27,23,800.0,fallback: No module named 'cvxpy',heuristic,680,predicted_history_signal,673,current_service_window_true_requests,6
1050,0.6001268997193223,0.745750319868397,da_elc_model_deepseek_v4_flash,DA-ELC w/ deepseek-v4-flash,deepseek-v4-flash,llm_tool_agent (deepseek-v4-flash),400,400,400,5,50,59,10,0.7307132459970888,0.7481371087928465,40.28826742810189,39.10616259203621,rsu_covered_requests_only,671,16,31.12232175881644,28.123655200796993,71.01040966426238,27.881109542405756,31.52218886917283,30.89852178514933,149.56737889511749,125.25674440181017,83.26613104901078,270.72767088412195,305,197,169,687,502,305,197,185,16,169,67.0,30.0,31,20,100.0,fallback: No module named 'cvxpy',heuristic,680,predicted_history_signal,687,current_service_window_true_requests,6
1050,0.6001268997193223,0.745750319868397,da_elc_model_deepseek_v4_flash,DA-ELC w/ deepseek-v4-flash,deepseek-v4-flash,llm_tool_agent (deepseek-v4-flash),400,400,400,6,60,69,10,0.6850746268656717,0.7701342281879194,39.45450419408966,39.10616259203621,rsu_covered_requests_only,596,74,30.702562746180284,33.04265207786185,66.70990795654902,28.823758606876915,25.934300194224416,33.328849932590686,150.18752932279762,126.86427311431537,157.85234172163052,200.9599256600839,338,121,137,670,459,338,121,211,74,137,367.0,30.0,35,30,400.0,fallback: No module named 'cvxpy',heuristic,680,predicted_history_signal,670,current_service_window_true_requests,6
1050,0.6001268997193223,0.745750319868397,da_elc_model_deepseek_v4_flash,DA-ELC w/ deepseek-v4-flash,deepseek-v4-flash,llm_tool_agent (deepseek-v4-flash),400,400,400,7,70,79,10,0.5701624815361891,0.8195329087048833,36.82431148495301,39.10616259203621,rsu_covered_requests_only,471,206,30.014182318311953,34.14790040460068,62.98437602456657,29.053048690887433,25.047952377152686,40.0956585434874,131.96730792583796,107.68761215548405,186.56706595921213,151.28232080338216,288,98,85,677,386,288,98,291,206,85,583.0,6.0,26,35,500.0,fallback: No module named 'cvxpy',heuristic,680,predicted_history_signal,677,current_service_window_true_requests,6
1050,0.6001268997193223,0.745750319868397,da_elc_model_deepseek_v4_flash,DA-ELC w/ deepseek-v4-flash,deepseek-v4-flash,llm_tool_agent (deepseek-v4-flash),400,400,400,8,80,89,10,0.6029850746268657,0.7906066536203522,37.078765636182574,39.10616259203621,rsu_covered_requests_only,511,159,29.43674386643027,29.60750652924385,65.71730615487508,30.028887977440448,29.631222124607817,34.16266452176274,120.83712832311595,104.2683104949842,102.41350463556049,185.7362048986993,269,135,107,670,404,269,135,266,159,107,697.0,0.0,26,35,650.0,fallback: No module named 'cvxpy',heuristic,680,predicted_history_signal,670,current_service_window_true_requests,6
1050,0.6001268997193223,0.745750319868397,da_elc_model_deepseek_v4_flash,DA-ELC w/ deepseek-v4-flash,deepseek-v4-flash,llm_tool_agent (deepseek-v4-flash),400,400,400,9,90,99,10,0.6774193548387096,0.787052810902896,37.608017591867515,39.10616259203621,rsu_covered_requests_only,587,95,29.455758036679196,28.534669145235657,69.0577682003907,30.78479548456816,30.98876464944801,32.872080571199966,132.751270641493,112.89666671239496,88.72897172358228,240.74202598741914,283,179,125,682,462,283,179,220,95,125,837.0,8.0,26,31,800.0,fallback: No module named 'cvxpy',heuristic,680,predicted_history_signal,682,current_service_window_true_requests,6
