seed,average_chr,average_local_rsu_chr,method,method_label,rsu_cache_capacity,mrsu_cache_capacity,frsu_cache_capacity,round,physical_tick_start,physical_tick_end,decision_interval_ticks,chr,local_rsu_chr,round_delay_ms,average_delay_ms,latency_scope,latency_request_count,excluded_not_covered_request_count,mrsu_average_delay_ms,frsu_average_delay_ms,mbs_average_delay_ms,mrsu_average_rate_mbps,frsu_average_rate_mbps,mbs_average_rate_mbps,average_service_distance_m,mrsu_average_distance_m,frsu_average_distance_m,mbs_average_distance_m,mrsu_latency_request_count,frsu_latency_request_count,mbs_latency_request_count,request_count,hit_count,mrsu_hit_count,frsu_hit_count,mbs_miss_count,not_covered_count,not_cached_count,mrsu_position,mrsu_speed,mrsu_covered_count,frsu_covered_count,selected_hotspot_position,motion_policy,path_plan_status,path_plan_solver,decision_request_count,decision_request_source,evaluation_request_count,evaluation_request_source,uses_miss_feedback,cache_update_count,direct_llm_fallback,direct_cache_rank_limit,direct_llm_mrsu_rank_length,direct_llm_frsu_rank_length
42,0.13568265903004526,0.18714517437145176,open_loop_llm,Open-loop DA-ELC,50,50,50,0,0,9,10,0.06332842415316642,0.18859649122807018,58.78578741887237,61.844275746143516,rsu_covered_requests_only,228,451,33.93347646276322,30.28790979777754,65.25197230745178,25.055131019015043,28.528734351748152,34.936608015602665,168.97658476717746,181.57657976328687,110.31748165423502,179.52938827519966,8,35,185,679,43,8,35,636,451,185,359.0890340323135,30.0,4,17,750.0,,fallback: No module named 'cvxpy',heuristic,680,training_history_only_open_loop_independent,679,current_service_window_true_requests,False,10,False,,,
42,0.13568265903004526,0.18714517437145176,open_loop_llm,Open-loop DA-ELC,50,50,50,1,10,19,10,0.050746268656716415,0.21794871794871795,60.60324930051194,61.844275746143516,rsu_covered_requests_only,156,514,28.45314422050106,0.0,69.5631146506789,30.528573418003415,0.0,27.18249661691107,209.88176695761229,80.27173535267424,0.0,246.002595437677,34,0,122,670,34,34,0,636,514,122,659.0890340323135,30.0,13,13,0.0,,fallback: No module named 'cvxpy',heuristic,680,training_history_only_open_loop_independent,670,current_service_window_true_requests,False,10,False,,,
42,0.13568265903004526,0.18714517437145176,open_loop_llm,Open-loop DA-ELC,50,50,50,2,20,29,10,0.10074074074074074,0.14498933901918976,66.14727313203704,61.844275746143516,rsu_covered_requests_only,469,206,29.409271533983272,31.489131188877806,72.24230494660164,29.882669210444966,27.310109912285505,26.749751976634506,261.0147398185313,100.58125921820564,129.638049737188,286.3364358966575,42,26,401,675,68,42,26,607,206,401,959.0890340323135,30.0,19,13,100.0,,fallback: No module named 'cvxpy',heuristic,680,training_history_only_open_loop_independent,675,current_service_window_true_requests,False,10,False,,,
42,0.13568265903004526,0.18714517437145176,open_loop_llm,Open-loop DA-ELC,50,50,50,3,30,39,10,0.18432510885341075,0.18432510885341075,58.66639488816712,61.844275746143516,rsu_covered_requests_only,689,0,31.22105407732762,27.485116426217843,65.16759680502932,27.911468289169754,31.779219844151775,36.56193251711742,164.83220163501812,128.24696405761938,65.48956368836159,178.1247428964883,82,45,562,689,127,82,45,562,0,562,255.88965619430155,26.800622161988002,40,33,250.0,,fallback: No module named 'cvxpy',heuristic,680,training_history_only_open_loop_independent,689,current_service_window_true_requests,False,10,False,,,
42,0.13568265903004526,0.18714517437145176,open_loop_llm,Open-loop DA-ELC,50,50,50,4,40,49,10,0.17507418397626112,0.20068027210884354,54.28930933360988,61.844275746143516,rsu_covered_requests_only,588,86,28.477992861874785,32.54722567525907,60.55314874495059,31.292833326501377,26.79881641588493,42.288271439418246,109.11206995975873,89.91008601960245,158.20251348445987,110.30041765830555,93,25,470,674,118,93,25,556,86,470,520.7744655070675,15.953923725106378,38,40,450.0,,fallback: No module named 'cvxpy',heuristic,680,training_history_only_open_loop_independent,674,current_service_window_true_requests,False,10,False,,,
42,0.13568265903004526,0.18714517437145176,open_loop_llm,Open-loop DA-ELC,50,50,50,5,50,59,10,0.1827637444279346,0.21354166666666666,58.53429246627988,61.844275746143516,rsu_covered_requests_only,576,97,30.294436405621774,33.31630389341863,66.0019442782601,29.348474741110433,25.78732602305107,33.53828210316122,177.31042652183223,117.60111306360847,167.62574397750765,190.20999965195264,93,30,453,673,123,93,30,550,97,453,580.5440841325994,0.0,39,42,550.0,,fallback: No module named 'cvxpy',heuristic,680,training_history_only_open_loop_independent,673,current_service_window_true_requests,False,10,False,,,
42,0.13568265903004526,0.18714517437145176,open_loop_llm,Open-loop DA-ELC,50,50,50,6,60,69,10,0.15451895043731778,0.18996415770609318,63.486882038719116,61.844275746143516,rsu_covered_requests_only,558,128,30.09118966483081,31.449734548818153,71.22243503726904,29.453406435474832,27.784895093276983,28.556157888291484,244.32981727179853,115.44856801720962,138.0508036955039,272.9540227569335,74,32,452,686,106,74,32,580,128,452,680.5440841325994,0.0,36,29,650.0,,fallback: No module named 'cvxpy',heuristic,680,training_history_only_open_loop_independent,686,current_service_window_true_requests,False,10,False,,,
42,0.13568265903004526,0.18714517437145176,open_loop_llm,Open-loop DA-ELC,50,50,50,7,70,79,10,0.13556851311953352,0.1894093686354379,69.04981044657393,61.844275746143516,rsu_covered_requests_only,491,195,30.945105591256343,32.2213252487405,77.9119880747077,28.30016214525861,26.60929506774465,22.787123492602227,326.8332148921821,128.0404067752729,142.61735511244913,372.8086692300949,80,13,398,686,93,80,13,593,195,398,780.5440841325994,0.0,33,16,750.0,,fallback: No module named 'cvxpy',heuristic,680,training_history_only_open_loop_independent,686,current_service_window_true_requests,False,10,False,,,
42,0.13568265903004526,0.18714517437145176,open_loop_llm,Open-loop DA-ELC,50,50,50,8,80,89,10,0.13450292397660818,0.1803921568627451,66.97641049384822,61.844275746143516,rsu_covered_requests_only,510,174,30.529408153069426,30.703992892415872,74.9890500897478,28.789147054343076,28.70075093323226,25.726416024713757,293.0331447109621,119.91065551280685,122.10704734418154,331.02105950986174,70,22,418,684,92,70,22,592,174,418,947.2489897283459,15.507433078674083,30,12,900.0,,fallback: No module named 'cvxpy',heuristic,680,training_history_only_open_loop_independent,684,current_service_window_true_requests,False,10,False,,,
42,0.13568265903004526,0.18714517437145176,open_loop_llm,Open-loop DA-ELC,50,50,50,9,90,99,10,0.17525773195876287,0.17841079460269865,62.353090814466334,61.844275746143516,rsu_covered_requests_only,667,12,28.88753480788701,30.580965546429336,69.49354793947127,30.376172625154204,28.893821011692285,28.94561907750268,215.68639829138309,88.26946882647206,119.77151980071382,240.99849777382923,78,41,548,679,119,78,41,560,12,548,169.77279495977655,11.111947775226856,35,21,100.0,,fallback: No module named 'cvxpy',heuristic,680,training_history_only_open_loop_independent,679,current_service_window_true_requests,False,10,False,,,
42,0.2212288962883707,0.28989412897016364,open_loop_llm,Open-loop DA-ELC,100,100,100,0,0,9,10,0.09572901325478646,0.2850877192982456,55.58616117514561,58.22343251412054,rsu_covered_requests_only,228,451,34.15622439361808,30.40217134026919,65.2373295025078,24.882952826099736,28.34446144097917,34.86817889491382,165.46206376705265,187.1743899945037,110.68508793867089,179.3282312142653,17,48,163,679,65,17,48,614,451,163,360.1933216168717,30.0,4,17,850.0,,fallback: No module named 'cvxpy',heuristic,680,training_history_only_open_loop_independent,679,current_service_window_true_requests,False,10,False,,,
42,0.2212288962883707,0.28989412897016364,open_loop_llm,Open-loop DA-ELC,100,100,100,1,10,19,10,0.06716417910447761,0.28846153846153844,57.72607185062412,58.22343251412054,rsu_covered_requests_only,156,514,28.58635732207559,0.0,69.53946963246813,30.34935176322524,0.0,27.205953318728437,198.34540595978822,81.75314299407523,0.0,245.61253959453674,45,0,111,670,45,45,0,625,514,111,660.1933216168717,30.0,13,13,0.0,,fallback: No module named 'cvxpy',heuristic,680,training_history_only_open_loop_independent,670,current_service_window_true_requests,False,10,False,,,
42,0.2212288962883707,0.28989412897016364,open_loop_llm,Open-loop DA-ELC,100,100,100,2,20,29,10,0.15703703703703703,0.22362869198312235,62.8658644290169,58.22343251412054,rsu_covered_requests_only,474,201,29.730900389077334,31.71540815226077,72.1998600417056,29.43202735836162,27.09354390464319,26.777034287425728,247.39917654190955,104.117561282007,133.74902440053663,285.5302204438851,67,39,368,675,106,67,39,569,201,368,960.1933216168717,30.0,20,13,100.0,,fallback: No module named 'cvxpy',heuristic,680,training_history_only_open_loop_independent,675,current_service_window_true_requests,False,10,False,,,
42,0.2212288962883707,0.28989412897016364,open_loop_llm,Open-loop DA-ELC,100,100,100,3,30,39,10,0.2931785195936139,0.2931785195936139,54.82040835019056,58.22343251412054,rsu_covered_requests_only,689,0,31.283723517603402,27.325454857541057,65.0707296146389,27.89518101688731,31.987722964585704,36.70394585943139,157.3250764030151,130.35665497910864,63.23941631281596,176.78022105929162,142,60,487,689,202,142,60,487,0,487,256.4986187390866,26.30529712221491,40,33,250.0,,fallback: No module named 'cvxpy',heuristic,680,training_history_only_open_loop_independent,689,current_service_window_true_requests,False,10,False,,,
42,0.2212288962883707,0.28989412897016364,open_loop_llm,Open-loop DA-ELC,100,100,100,4,40,49,10,0.26112759643916916,0.29931972789115646,51.146050892835774,58.22343251412054,rsu_covered_requests_only,588,86,28.637597062747737,34.28949977677281,60.37720282997848,31.106559857110756,24.84545086684547,42.769842318368894,107.71262152402213,91.31829573556044,186.73121600320837,108.23164960964134,148,28,412,674,176,148,28,498,86,412,516.4986187390866,14.0,38,40,450.0,,fallback: No module named 'cvxpy',heuristic,680,training_history_only_open_loop_independent,674,current_service_window_true_requests,False,10,False,,,
42,0.2212288962883707,0.28989412897016364,open_loop_llm,Open-loop DA-ELC,100,100,100,5,50,59,10,0.24071322436849926,0.2793103448275862,55.80169109461045,58.22343251412054,rsu_covered_requests_only,580,93,29.345641273403213,32.754823169501236,65.91634176160065,30.276784178556138,26.080126694972435,33.611575832474,165.88177412918262,101.72564136148031,150.77492124651621,188.75128549358968,145,17,418,673,162,145,17,511,93,418,654.4986187390866,0.0,39,42,600.0,,fallback: No module named 'cvxpy',heuristic,680,training_history_only_open_loop_independent,673,current_service_window_true_requests,False,10,False,,,
42,0.2212288962883707,0.28989412897016364,open_loop_llm,Open-loop DA-ELC,100,100,100,6,60,69,10,0.25801749271137026,0.30256410256410254,58.80313838741249,58.22343251412054,rsu_covered_requests_only,585,101,29.06407618160805,28.925694129461746,71.71753183939519,30.064268613054775,30.854164409021404,28.280219221867196,223.4046267187992,90.19041844105355,99.80171954253676,280.3009145210164,139,38,408,686,177,139,38,509,101,408,763.6938482090087,19.853678085440368,36,29,650.0,,fallback: No module named 'cvxpy',heuristic,680,training_history_only_open_loop_independent,686,current_service_window_true_requests,False,10,False,,,
42,0.2212288962883707,0.28989412897016364,open_loop_llm,Open-loop DA-ELC,100,100,100,7,70,79,10,0.23615160349854228,0.2773972602739726,65.45638406617536,58.22343251412054,rsu_covered_requests_only,584,102,30.445393685510304,32.41852933851464,78.77037880322897,28.729827203958315,26.403819135252046,22.175169048495736,311.6339830877033,116.10242709793435,144.81589661887142,384.85874231347884,135,27,422,686,162,135,27,524,102,422,846.815916721651,0.0,38,16,800.0,,fallback: No module named 'cvxpy',heuristic,680,training_history_only_open_loop_independent,686,current_service_window_true_requests,False,10,False,,,
42,0.2212288962883707,0.28989412897016364,open_loop_llm,Open-loop DA-ELC,100,100,100,8,80,89,10,0.2894736842105263,0.31329113924050633,61.61838738775692,58.22343251412054,rsu_covered_requests_only,632,52,32.37598934982139,29.87568356091568,75.18407111420522,27.014063199024676,29.816968096797126,24.92801406761844,273.91746995839355,154.0443174929061,108.71287284515012,332.67970620131746,159,39,434,684,198,159,39,486,52,434,915.5522498350471,0.0,37,12,900.0,,fallback: No module named 'cvxpy',heuristic,680,training_history_only_open_loop_independent,684,current_service_window_true_requests,False,10,False,,,
42,0.2212288962883707,0.28989412897016364,open_loop_llm,Open-loop DA-ELC,100,100,100,9,90,99,10,0.3136966126656848,0.3136966126656848,57.75271726271532,58.22343251412054,rsu_covered_requests_only,679,0,30.820973000926966,30.76473081615718,70.07334138293135,28.28376181491096,28.5313533370412,28.23293903723345,209.2392033012312,120.76353312548018,120.79478295765385,249.67389806990863,125,88,466,679,213,125,88,466,0,466,113.55224983504695,26.0,32,21,100.0,,fallback: No module named 'cvxpy',heuristic,680,training_history_only_open_loop_independent,679,current_service_window_true_requests,False,10,False,,,
42,0.31153663899727435,0.39801088384312255,open_loop_llm,Open-loop DA-ELC,150,150,150,0,0,9,10,0.12665684830633284,0.37719298245614036,52.89299764091629,54.02988621250798,rsu_covered_requests_only,228,451,34.23869614852368,31.04818700437755,65.31409190537454,24.822270555419237,27.70474920034026,34.61443837625398,169.06736478556294,189.36037079430784,122.71929142531049,180.242403177801,36,50,142,679,86,36,50,593,451,142,367.6510558227054,30.0,7,17,750.0,,fallback: No module named 'cvxpy',heuristic,680,training_history_only_open_loop_independent,679,current_service_window_true_requests,False,10,False,,,
42,0.31153663899727435,0.39801088384312255,open_loop_llm,Open-loop DA-ELC,150,150,150,1,10,19,10,0.09701492537313433,0.4166666666666667,52.268442068886515,54.02988621250798,rsu_covered_requests_only,156,514,27.772463029715887,0.0,69.7655699540084,31.335106850559253,0.0,27.001479596926853,174.70041137186126,70.18097006271934,0.0,249.3571551641055,65,0,91,670,65,65,0,605,514,91,667.6510558227054,30.0,13,13,0.0,,fallback: No module named 'cvxpy',heuristic,680,training_history_only_open_loop_independent,670,current_service_window_true_requests,False,10,False,,,
42,0.31153663899727435,0.39801088384312255,open_loop_llm,Open-loop DA-ELC,150,150,150,2,20,29,10,0.2518518518518518,0.34623217922606925,58.0419624981853,54.02988621250798,rsu_covered_requests_only,491,184,29.859643187147178,31.876143797855853,72.54628879712298,29.780381597596023,26.917043899315495,26.42883840978867,231.93223304752746,110.8937976360581,135.82162982754727,290.8305796616085,103,67,321,675,170,103,67,505,184,321,967.6510558227054,30.0,22,13,100.0,,fallback: No module named 'cvxpy',heuristic,680,training_history_only_open_loop_independent,675,current_service_window_true_requests,False,10,False,,,
42,0.31153663899727435,0.39801088384312255,open_loop_llm,Open-loop DA-ELC,150,150,150,3,30,39,10,0.41219158200290273,0.41219158200290273,50.530020854611564,54.02988621250798,rsu_covered_requests_only,689,0,31.021687017127356,26.695034686012228,64.89365680285078,28.402000489568813,32.7449023042822,36.96415357686374,148.53141920793922,128.61565780725618,54.27913804482492,174.2440451402592,220,64,405,689,284,220,64,405,0,405,263.65105582270553,26.0,41,33,250.0,,fallback: No module named 'cvxpy',heuristic,680,training_history_only_open_loop_independent,689,current_service_window_true_requests,False,10,False,,,
42,0.31153663899727435,0.39801088384312255,open_loop_llm,Open-loop DA-ELC,150,150,150,4,40,49,10,0.34718100890207715,0.3979591836734694,48.05322798640306,54.02988621250798,rsu_covered_requests_only,588,86,28.940815298292954,34.90929220810783,60.366514731406674,30.529741812645554,24.309243569902875,42.89996166390549,106.15192216526918,94.2364315745152,200.0,108.35168769677264,215,19,354,674,234,215,19,440,86,354,523.6510558227055,14.0,40,40,450.0,,fallback: No module named 'cvxpy',heuristic,680,training_history_only_open_loop_independent,674,current_service_window_true_requests,False,10,False,,,
42,0.31153663899727435,0.39801088384312255,open_loop_llm,Open-loop DA-ELC,150,150,150,5,50,59,10,0.34175334323922735,0.38079470198675497,52.052978396966914,54.02988621250798,rsu_covered_requests_only,604,69,28.292407367548122,30.587736575825737,66.46870246675685,31.62190122006437,28.627249434193587,33.17633860802303,157.63075803065013,88.92821962862938,119.67611179393668,197.25014648833712,198,32,374,673,230,198,32,443,69,374,739.6510558227055,10.0,38,42,650.0,,fallback: No module named 'cvxpy',heuristic,680,training_history_only_open_loop_independent,673,current_service_window_true_requests,False,10,False,,,
42,0.31153663899727435,0.39801088384312255,open_loop_llm,Open-loop DA-ELC,150,150,150,6,60,69,10,0.41253644314868804,0.4294385432473445,54.01048764975828,54.02988621250798,rsu_covered_requests_only,659,27,30.336241324074503,25.879881678026543,72.23210450649802,28.80943094357137,34.17186225118434,27.762186854790585,209.1439286233426,112.82804501633264,48.8198051721316,287.4249797283603,249,34,376,686,283,249,34,403,27,376,758.6978883545889,0.0,41,29,750.0,,fallback: No module named 'cvxpy',heuristic,680,training_history_only_open_loop_independent,686,current_service_window_true_requests,False,10,False,,,
42,0.31153663899727435,0.39801088384312255,open_loop_llm,Open-loop DA-ELC,150,150,150,7,70,79,10,0.336734693877551,0.3955479452054795,59.18943172945665,54.02988621250798,rsu_covered_requests_only,584,102,29.07767992464274,31.993307954904722,78.613463780117,30.008170141377608,26.748528614316413,22.34002921282644,268.98016890658596,88.87194297166664,134.94881069091443,382.4033606587444,197,34,353,686,231,197,34,455,102,353,898.6978883545889,8.0,36,16,850.0,,fallback: No module named 'cvxpy',heuristic,680,training_history_only_open_loop_independent,686,current_service_window_true_requests,False,10,False,,,
42,0.31153663899727435,0.39801088384312255,open_loop_llm,Open-loop DA-ELC,150,150,150,8,80,89,10,0.3932748538011696,0.41321044546851,57.4863494129376,54.02988621250798,rsu_covered_requests_only,651,33,33.11521745290529,29.204259425347846,75.13964910553301,26.051653567215304,30.588762033002975,24.797852454274494,257.5716837341676,164.7299423576887,97.85345167713342,331.353097302072,221,48,382,684,269,221,48,415,33,382,902.6978883545889,0.0,40,12,900.0,,fallback: No module named 'cvxpy',heuristic,680,training_history_only_open_loop_independent,684,current_service_window_true_requests,False,10,False,,,
42,0.31153663899727435,0.39801088384312255,open_loop_llm,Open-loop DA-ELC,150,150,150,9,90,99,10,0.3961708394698085,0.3961708394698085,54.66796064706143,54.02988621250798,rsu_covered_requests_only,679,0,30.95368407244436,31.339886323880048,70.11097899253802,28.151677189052233,27.962901849197294,28.1012483766467,201.2101581026779,122.777699937643,131.53183204925924,250.04326297259394,146,123,410,679,269,146,123,410,0,410,100.69788835458894,26.0,29,21,100.0,,fallback: No module named 'cvxpy',heuristic,680,training_history_only_open_loop_independent,679,current_service_window_true_requests,False,10,False,,,
42,0.3681495461636043,0.47256270035828774,open_loop_llm,Open-loop DA-ELC,200,200,200,0,0,9,10,0.15316642120765833,0.45614035087719296,50.419925370984295,51.04245694433167,rsu_covered_requests_only,228,451,34.21532261893861,31.092217597556207,65.59762135937014,24.84035692695555,27.651305359742825,34.33343734292186,168.52818273166065,188.77267635054187,123.26726139039059,184.82990697461133,41,63,124,679,104,41,63,575,451,124,370.0022060445621,30.0,7,17,750.0,,fallback: No module named 'cvxpy',heuristic,680,training_history_only_open_loop_independent,679,current_service_window_true_requests,False,10,False,,,
42,0.3681495461636043,0.47256270035828774,open_loop_llm,Open-loop DA-ELC,200,200,200,1,10,19,10,0.11492537313432835,0.4935897435897436,49.002488785282274,51.04245694433167,rsu_covered_requests_only,156,514,27.807996037809232,0.0,69.66041209611043,31.335947737142913,0.0,27.085632859910092,160.64367267342897,71.41119245045965,0.0,247.61710276417125,77,0,79,670,77,77,0,593,514,79,670.0022060445622,30.0,13,13,900.0,,fallback: No module named 'cvxpy',heuristic,680,training_history_only_open_loop_independent,670,current_service_window_true_requests,False,10,False,,,
42,0.3681495461636043,0.47256270035828774,open_loop_llm,Open-loop DA-ELC,200,200,200,2,20,29,10,0.31407407407407406,0.4317718940936864,54.453654379718195,51.04245694433167,rsu_covered_requests_only,491,184,29.6567896878226,32.03962998238683,72.56122086484129,30.23404633764127,26.76821801874476,26.410018294655124,217.76618603249327,108.88913182974537,139.13828062477538,291.17302723181217,126,86,279,675,212,126,86,463,184,279,970.0022060445622,30.0,22,13,100.0,,fallback: No module named 'cvxpy',heuristic,680,training_history_only_open_loop_independent,675,current_service_window_true_requests,False,10,False,,,
42,0.3681495461636043,0.47256270035828774,open_loop_llm,Open-loop DA-ELC,200,200,200,3,30,39,10,0.48040638606676345,0.48040638606676345,48.0418607737033,51.04245694433167,rsu_covered_requests_only,689,0,30.919588490616135,26.42409865011625,64.80202382928665,28.520401901840664,33.1287069664252,36.97662575189343,142.8287582656222,127.53560109166854,51.52188284392391,172.6808537262696,257,74,358,689,331,257,74,358,0,358,266.0022060445622,26.0,41,33,250.0,,fallback: No module named 'cvxpy',heuristic,680,training_history_only_open_loop_independent,689,current_service_window_true_requests,False,10,False,,,
42,0.3681495461636043,0.47256270035828774,open_loop_llm,Open-loop DA-ELC,200,200,200,4,40,49,10,0.4065281899109792,0.46598639455782315,45.87037866321544,51.04245694433167,rsu_covered_requests_only,588,86,28.878962554744824,34.90929220810782,60.274775992345894,30.56721837814215,24.309243569902875,43.27192215412625,104.68619329398175,92.74155754354658,200.0,107.59429667480104,252,22,314,674,274,252,22,400,86,314,526.0022060445622,14.0,40,40,450.0,,fallback: No module named 'cvxpy',heuristic,680,training_history_only_open_loop_independent,674,current_service_window_true_requests,False,10,False,,,
42,0.3681495461636043,0.47256270035828774,open_loop_llm,Open-loop DA-ELC,200,200,200,5,50,59,10,0.42199108469539376,0.47019867549668876,48.51780702697861,51.04245694433167,rsu_covered_requests_only,604,69,27.824833463748842,30.814425566347314,66.53714947748207,32.593785473929756,28.438030394156865,33.085540752612886,147.82218753375298,85.97871763205102,124.59740149350583,198.24298175003275,247,37,320,673,284,247,37,389,69,320,729.9889697771891,7.997793955437828,38,42,650.0,,fallback: No module named 'cvxpy',heuristic,680,training_history_only_open_loop_independent,673,current_service_window_true_requests,False,10,False,,,
42,0.3681495461636043,0.47256270035828774,open_loop_llm,Open-loop DA-ELC,200,200,200,6,60,69,10,0.46647230320699706,0.5055292259083728,50.59517742734001,51.04245694433167,rsu_covered_requests_only,633,53,30.24806766842051,24.787445115923063,71.93816280108334,29.04564709547441,35.639266529188504,28.023846229729095,192.86230308979182,112.18752410471446,35.3783839768165,282.94860538752215,289,31,313,686,320,289,31,366,53,313,754.0264725347461,0.0,42,29,750.0,,fallback: No module named 'cvxpy',heuristic,680,training_history_only_open_loop_independent,686,current_service_window_true_requests,False,10,False,,,
42,0.3681495461636043,0.47256270035828774,open_loop_llm,Open-loop DA-ELC,200,200,200,7,70,79,10,0.3935860058309038,0.4623287671232877,56.04376514520338,51.04245694433167,rsu_covered_requests_only,584,102,29.257545181905257,31.8513853995389,78.72129463798125,29.807048725373818,26.882181572174343,22.233489320408744,251.97391898728415,91.88260957188272,132.18684314058225,384.1126817220112,227,43,314,686,270,227,43,416,102,314,894.0264725347461,8.0,36,16,850.0,,fallback: No module named 'cvxpy',heuristic,680,training_history_only_open_loop_independent,686,current_service_window_true_requests,False,10,False,,,
42,0.3681495461636043,0.47256270035828774,open_loop_llm,Open-loop DA-ELC,200,200,200,8,80,89,10,0.4590643274853801,0.4823348694316436,54.63553334935309,51.04245694433167,rsu_covered_requests_only,651,33,33.18123086248298,29.130654237694397,75.28666894353881,25.967092771018535,30.76956994709874,24.636311631856316,246.8045992180936,165.63912528139667,98.0343512401709,333.46400986613594,259,55,337,684,314,259,55,370,33,337,901.9735274652539,0.0,40,12,900.0,,fallback: No module named 'cvxpy',heuristic,680,training_history_only_open_loop_independent,684,current_service_window_true_requests,False,10,False,,,
42,0.3681495461636043,0.47256270035828774,open_loop_llm,Open-loop DA-ELC,200,200,200,9,90,99,10,0.47128129602356406,0.47128129602356406,51.693453758732836,51.04245694433167,rsu_covered_requests_only,679,0,30.89396970010432,31.443709917003257,70.01134391837287,28.24503876847885,27.79087505266889,28.115873738255832,191.1719217548701,122.25195043740084,132.49005913633434,248.4695960173905,175,145,359,679,320,175,145,359,0,359,100.0,26.026472534746063,29,21,100.0,,fallback: No module named 'cvxpy',heuristic,680,training_history_only_open_loop_independent,679,current_service_window_true_requests,False,10,False,,,
42,0.4066070504792275,0.5256361564755032,open_loop_llm,Open-loop DA-ELC,250,250,250,0,0,9,10,0.17083946980854198,0.5087719298245614,48.80842590121223,48.392495031679545,rsu_covered_requests_only,228,451,34.17139522371582,30.92042465574909,66.05811732516926,24.87462410973364,27.80529889963206,33.76253573148623,168.36273372391256,187.67981589143156,119.64077774231856,192.09513743198343,44,72,112,679,116,44,72,563,451,112,371.53257593322513,30.0,7,17,750.0,,fallback: No module named 'cvxpy',heuristic,680,training_history_only_open_loop_independent,679,current_service_window_true_requests,False,10,False,,,
42,0.4066070504792275,0.5256361564755032,open_loop_llm,Open-loop DA-ELC,250,250,250,1,10,19,10,0.1253731343283582,0.5384615384615384,47.087837213185864,48.392495031679545,rsu_covered_requests_only,156,514,27.78048135440041,0.0,69.61308571510222,31.376255327629327,0.0,27.130126097040467,152.19132323138012,71.06877782045537,0.0,246.834292877459,84,0,72,670,84,84,0,586,514,72,671.5325759332252,30.0,13,13,900.0,,fallback: No module named 'cvxpy',heuristic,680,training_history_only_open_loop_independent,670,current_service_window_true_requests,False,10,False,,,
42,0.4066070504792275,0.5256361564755032,open_loop_llm,Open-loop DA-ELC,250,250,250,2,20,29,10,0.34074074074074073,0.4684317718940937,52.90893935146912,48.392495031679545,rsu_covered_requests_only,491,184,29.680887913167837,32.080299208102566,72.52314080886516,29.94417834756041,26.731985852682413,26.447482637760444,210.84912144584925,107.02995112019431,139.98943948155278,290.59309369601897,137,93,261,675,230,137,93,445,184,261,971.5325759332252,30.0,22,13,100.0,,fallback: No module named 'cvxpy',heuristic,680,training_history_only_open_loop_independent,675,current_service_window_true_requests,False,10,False,,,
42,0.4066070504792275,0.5256361564755032,open_loop_llm,Open-loop DA-ELC,250,250,250,3,30,39,10,0.5370101596516691,0.5370101596516691,46.088963167001815,48.392495031679545,rsu_covered_requests_only,689,0,30.888766284677732,26.400968547641643,64.90102541267873,28.544287115515157,33.15848086080673,36.831326754362685,139.556674784177,126.93442530560579,51.19836500460227,174.13993927432008,286,84,319,689,370,286,84,319,0,319,267.5325759332252,26.0,41,33,250.0,,fallback: No module named 'cvxpy',heuristic,680,training_history_only_open_loop_independent,689,current_service_window_true_requests,False,10,False,,,
42,0.4066070504792275,0.5256361564755032,open_loop_llm,Open-loop DA-ELC,250,250,250,4,40,49,10,0.4495548961424332,0.5153061224489796,44.262029012446035,48.392495031679545,rsu_covered_requests_only,588,86,28.824293450093403,34.909292208107814,60.119656758707336,30.65600385210205,24.30924356990287,43.66710484988763,103.50442266204698,92.19926248935896,200.0,105.68913970431997,277,26,285,674,303,277,26,371,86,285,527.5325759332252,14.0,40,40,450.0,,fallback: No module named 'cvxpy',heuristic,680,training_history_only_open_loop_independent,674,current_service_window_true_requests,False,10,False,,,
42,0.4066070504792275,0.5256361564755032,open_loop_llm,Open-loop DA-ELC,250,250,250,5,50,59,10,0.4784546805349183,0.5331125827814569,46.05248584494135,48.392495031679545,rsu_covered_requests_only,604,69,27.742471179352584,30.417360834467498,66.5233361931126,32.51967340212027,28.90898041345412,33.12128996027241,139.56020013119596,83.2710129585196,118.79025143386086,198.03975083947998,276,46,282,673,322,276,46,351,69,282,722.337120333874,6.467424066774811,38,42,650.0,,fallback: No module named 'cvxpy',heuristic,680,training_history_only_open_loop_independent,673,current_service_window_true_requests,False,10,False,,,
42,0.4066070504792275,0.5256361564755032,open_loop_llm,Open-loop DA-ELC,250,250,250,6,60,69,10,0.5160349854227405,0.5592417061611374,48.18481278205273,48.392495031679545,rsu_covered_requests_only,633,53,29.877664836557507,25.333257957848314,72.17878230178262,29.216172576340323,34.75601725339632,27.68324677654817,179.74751592626174,104.13817797888689,39.77236499418367,286.5249311364831,307,47,279,686,354,307,47,332,53,279,766.6742406677481,0.0,40,29,750.0,,fallback: No module named 'cvxpy',heuristic,680,training_history_only_open_loop_independent,686,current_service_window_true_requests,False,10,False,,,
42,0.4066070504792275,0.5256361564755032,open_loop_llm,Open-loop DA-ELC,250,250,250,7,70,79,10,0.4518950437317784,0.5308219178082192,52.66284242064197,48.392495031679545,rsu_covered_requests_only,584,102,28.871426323435998,31.821122995050953,78.99881092380492,30.33053079954764,26.921410632861875,22.00937648170014,232.11085884290807,85.99057563230593,131.90613127995604,388.38037632580426,256,54,274,686,310,256,54,376,102,274,903.3030373290076,7.3257593322518915,36,16,850.0,,fallback: No module named 'cvxpy',heuristic,680,training_history_only_open_loop_independent,686,current_service_window_true_requests,False,10,False,,,
42,0.4066070504792275,0.5256361564755032,open_loop_llm,Open-loop DA-ELC,250,250,250,8,80,89,10,0.52046783625731,0.52046783625731,50.371133908988064,48.392495031679545,rsu_covered_requests_only,684,0,26.536246752334907,30.912294168475505,75.0533034447564,34.49611321780069,28.849956490664432,24.602829467225416,201.7627411270897,69.26642155347406,130.07129164746559,329.0708396936809,267,89,328,684,356,267,89,328,0,328,99.78149404558462,29.7295526766261,38,12,900.0,,fallback: No module named 'cvxpy',heuristic,680,training_history_only_open_loop_independent,684,current_service_window_true_requests,False,10,False,,,
42,0.4066070504792275,0.5256361564755032,open_loop_llm,Open-loop DA-ELC,250,250,250,9,90,99,10,0.47569955817378495,0.5303776683087028,47.74310954737373,48.392495031679545,rsu_covered_requests_only,609,70,29.367376437768126,30.34469683454045,68.31501099273622,29.72660067535266,29.463045658369314,29.358806789927403,157.52248260133447,95.7704335183442,120.04413975130055,222.76515890713577,270,53,286,679,323,270,53,356,70,286,195.88836278196732,0.0,38,21,100.0,,fallback: No module named 'cvxpy',heuristic,680,training_history_only_open_loop_independent,679,current_service_window_true_requests,False,10,False,,,
42,0.4381459910464769,0.5746772017729813,open_loop_llm,Open-loop DA-ELC,300,300,300,0,0,9,10,0.187039764359352,0.5570175438596491,47.192307630109994,47.07527011486403,rsu_covered_requests_only,228,451,34.18235455913825,30.9486720077317,66.17672356306791,24.86610738229555,27.773497660859253,33.708000445989775,166.30217560121514,187.9535977605109,120.05255597433592,194.2046984946388,45,82,101,679,127,45,82,552,451,101,371.53257593322513,30.0,7,17,750.0,,fallback: No module named 'cvxpy',heuristic,680,training_history_only_open_loop_independent,679,current_service_window_true_requests,False,10,False,,,
42,0.4381459910464769,0.5746772017729813,open_loop_llm,Open-loop DA-ELC,300,300,300,1,10,19,10,0.13880597014925372,0.5961538461538461,44.69832403319828,47.07527011486403,rsu_covered_requests_only,156,514,27.844148636636028,0.0,69.57829723764733,31.294814179488675,0.0,27.16077999019117,142.29521308138635,71.87005991475569,0.0,246.2561534702221,93,0,63,670,93,93,0,577,514,63,671.5325759332252,30.0,13,13,900.0,,fallback: No module named 'cvxpy',heuristic,680,training_history_only_open_loop_independent,670,current_service_window_true_requests,False,10,False,,,
42,0.4381459910464769,0.5746772017729813,open_loop_llm,Open-loop DA-ELC,300,300,300,2,20,29,10,0.397037037037037,0.5458248472505092,49.67765758442039,47.07527011486403,rsu_covered_requests_only,491,184,29.844724849455776,32.144331523835646,72.40935291541534,29.673735618702256,26.67743611328779,26.566579075449003,197.62670258533305,108.67842094227353,141.38905488826356,288.8289521284677,161,107,223,675,268,161,107,407,184,223,971.5325759332252,30.0,22,13,100.0,,fallback: No module named 'cvxpy',heuristic,680,training_history_only_open_loop_independent,675,current_service_window_true_requests,False,10,False,,,
42,0.4381459910464769,0.5746772017729813,open_loop_llm,Open-loop DA-ELC,300,300,300,3,30,39,10,0.5820029027576198,0.5820029027576198,44.424741996836424,47.07527011486403,rsu_covered_requests_only,689,0,30.83924812696492,26.230329439574884,64.79694561618005,28.63195082596282,33.37374190166465,36.82432825833259,135.49782248582278,126.6512925302923,49.09297573439719,172.321660473997,310,91,288,689,401,310,91,288,0,288,267.5325759332252,26.0,41,33,250.0,,fallback: No module named 'cvxpy',heuristic,680,training_history_only_open_loop_independent,689,current_service_window_true_requests,False,10,False,,,
42,0.4381459910464769,0.5746772017729813,open_loop_llm,Open-loop DA-ELC,300,300,300,4,40,49,10,0.48813056379821956,0.5595238095238095,42.87974885499533,47.07527011486403,rsu_covered_requests_only,588,86,28.837538659836085,34.909292208107814,60.0841882696828,30.638304050236798,24.309243569902865,43.95045548372157,103.13893490959526,92.23075620275932,200.0,105.76063843092162,302,27,259,674,329,302,27,345,86,259,527.5325759332252,14.0,40,40,450.0,,fallback: No module named 'cvxpy',heuristic,680,training_history_only_open_loop_independent,674,current_service_window_true_requests,False,10,False,,,
42,0.4381459910464769,0.5746772017729813,open_loop_llm,Open-loop DA-ELC,300,300,300,5,50,59,10,0.512630014858841,0.5948275862068966,45.35749116871482,47.07527011486403,rsu_covered_requests_only,580,93,31.164833827929243,33.877101041384925,65.88189784023704,28.022925275859492,25.126022456595805,33.57357830430871,154.65782326568714,128.3868608422596,175.17146821307784,187.8505791681144,318,27,235,673,345,318,27,328,93,235,577.5325759332252,0.0,41,42,550.0,,fallback: No module named 'cvxpy',heuristic,680,training_history_only_open_loop_independent,673,current_service_window_true_requests,False,10,False,,,
42,0.4381459910464769,0.5746772017729813,open_loop_llm,Open-loop DA-ELC,300,300,300,6,60,69,10,0.4839650145772595,0.5949820788530465,46.94487455574458,47.07527011486403,rsu_covered_requests_only,558,128,30.982881139138236,25.813464404416695,71.2169135679715,28.451587564788234,33.673319539060984,28.376517106643046,182.30595123716287,130.30163089437715,41.23566169430239,272.88917798498386,296,36,226,686,332,296,36,354,128,226,677.5325759332252,0.0,36,29,650.0,,fallback: No module named 'cvxpy',heuristic,680,training_history_only_open_loop_independent,686,current_service_window_true_requests,False,10,False,,,
42,0.4381459910464769,0.5746772017729813,open_loop_llm,Open-loop DA-ELC,300,300,300,7,70,79,10,0.4868804664723032,0.5748709122203098,50.81308833215011,47.07527011486403,rsu_covered_requests_only,581,105,29.895728381539225,30.825915106130832,79.01148480518017,29.673006564463904,27.94865609466206,22.009641760217676,228.6061586055274,109.84797209862285,115.56452863952063,388.6618407628775,311,23,247,686,334,311,23,352,105,247,875.5325759332252,26.0,39,16,850.0,,fallback: No module named 'cvxpy',heuristic,680,training_history_only_open_loop_independent,686,current_service_window_true_requests,False,10,False,,,
42,0.4381459910464769,0.5746772017729813,open_loop_llm,Open-loop DA-ELC,300,300,300,8,80,89,10,0.5453216374269005,0.5729646697388633,50.271887517961744,47.07527011486403,rsu_covered_requests_only,651,33,31.815059244305388,29.621426464685843,75.63560347956214,27.43991393327826,30.199732626708553,24.165938807041602,221.3584160104536,140.97077971061955,106.75370230449427,338.570956379891,297,76,278,684,373,297,76,311,33,278,962.8045444006489,0.0,39,12,900.0,,fallback: No module named 'cvxpy',heuristic,680,training_history_only_open_loop_independent,684,current_service_window_true_requests,False,10,False,,,
42,0.4381459910464769,0.5746772017729813,open_loop_llm,Open-loop DA-ELC,300,300,300,9,90,99,10,0.5596465390279823,0.5697151424287856,47.339032272181484,47.07527011486403,rsu_covered_requests_only,667,12,30.590707927223193,30.226891755773924,69.65522337362755,28.803106145435095,29.024163897208286,28.42948926351664,170.89375907177507,119.02607830485178,110.0175099192805,243.05288723285264,269,111,287,679,380,269,111,299,12,287,138.39091119870227,17.195455599351135,34,21,100.0,,fallback: No module named 'cvxpy',heuristic,680,training_history_only_open_loop_independent,679,current_service_window_true_requests,False,10,False,,,
42,0.4903950030720088,0.6323167266527752,open_loop_llm,Open-loop DA-ELC,350,350,350,0,0,9,10,0.203240058910162,0.6052631578947368,45.61415102987688,44.453726813291745,rsu_covered_requests_only,228,451,34.17737233764098,30.959143574384807,66.40453188526428,24.870010376472088,27.7615064037936,33.45817481412644,164.80507109284557,187.83043518358906,120.20357749135414,197.87778004252084,47,91,90,679,138,47,91,541,451,90,371.53257593322513,30.0,7,17,750.0,,fallback: No module named 'cvxpy',heuristic,680,training_history_only_open_loop_independent,679,current_service_window_true_requests,False,10,False,,,
42,0.4903950030720088,0.6323167266527752,open_loop_llm,Open-loop DA-ELC,350,350,350,1,10,19,10,0.14626865671641792,0.6282051282051282,43.36432908351004,44.453726813291745,rsu_covered_requests_only,156,514,27.867956927750146,0.0,69.54785445013884,31.27244957822872,0.0,27.181800721416035,136.79737410916758,72.31463779330072,0.0,245.75096305666673,98,0,58,670,98,98,0,572,514,58,671.5325759332252,30.0,13,13,0.0,,fallback: No module named 'cvxpy',heuristic,680,training_history_only_open_loop_independent,670,current_service_window_true_requests,False,10,False,,,
42,0.4903950030720088,0.6323167266527752,open_loop_llm,Open-loop DA-ELC,350,350,350,2,20,29,10,0.43703703703703706,0.6008146639511202,47.51285097326501,44.453726813291745,rsu_covered_requests_only,491,184,29.92213740630068,32.034023370329955,72.69567845576992,29.597507865675595,26.778604303745407,26.253926898053592,190.3106677466051,110.0461375253251,139.17170589547447,293.28499535303206,175,120,196,675,295,175,120,380,184,196,971.5325759332252,30.0,22,13,100.0,,fallback: No module named 'cvxpy',heuristic,680,training_history_only_open_loop_independent,675,current_service_window_true_requests,False,10,False,,,
42,0.4903950030720088,0.6323167266527752,open_loop_llm,Open-loop DA-ELC,350,350,350,3,30,39,10,0.6386066763425254,0.6386066763425254,42.43271956415385,44.453726813291745,rsu_covered_requests_only,689,0,30.730335532458003,26.35839184283009,64.90254779824308,28.757482752202435,33.20415907196,36.85616191354796,131.72935738837364,124.93406475950236,50.56823854828558,174.20021293153619,338,102,249,689,440,338,102,249,0,249,267.5325759332252,26.0,41,33,250.0,,fallback: No module named 'cvxpy',heuristic,680,training_history_only_open_loop_independent,689,current_service_window_true_requests,False,10,False,,,
42,0.4903950030720088,0.6323167266527752,open_loop_llm,Open-loop DA-ELC,350,350,350,4,40,49,10,0.5445103857566765,0.6241496598639455,40.79853775532161,44.453726813291745,rsu_covered_requests_only,588,86,28.80447486486066,34.90929220810783,59.77707753418482,30.68101861616315,24.30924356990286,44.48993475783416,101.6933701164489,91.87248891394725,200.0,101.36725257976256,333,34,221,674,367,333,34,307,86,221,527.5325759332252,14.0,40,40,450.0,,fallback: No module named 'cvxpy',heuristic,680,training_history_only_open_loop_independent,674,current_service_window_true_requests,False,10,False,,,
42,0.4903950030720088,0.6323167266527752,open_loop_llm,Open-loop DA-ELC,350,350,350,5,50,59,10,0.5705794947994056,0.6357615894039735,41.95826378336749,44.453726813291745,rsu_covered_requests_only,604,69,27.696290592142375,30.238917902343196,66.23934768332113,32.547617307241815,29.133317276466716,33.37670577237371,125.83942857486856,82.36804767859958,116.7005736209851,193.44573034405425,331,53,220,673,384,331,53,289,69,220,722.337120333874,6.467424066774811,38,42,650.0,,fallback: No module named 'cvxpy',heuristic,680,training_history_only_open_loop_independent,673,current_service_window_true_requests,False,10,False,,,
42,0.4903950030720088,0.6323167266527752,open_loop_llm,Open-loop DA-ELC,350,350,350,6,60,69,10,0.6034985422740525,0.6540284360189573,44.0906274193963,44.453726813291745,rsu_covered_requests_only,633,53,29.774675057757968,25.24732309923754,72.29066685061498,29.33269077942452,34.86813958088644,27.504855685632112,161.29910853046923,102.59002392655958,38.85127331234006,288.2908542373216,359,55,219,686,414,359,55,272,53,219,766.6742406677481,0.0,40,29,750.0,,fallback: No module named 'cvxpy',heuristic,680,training_history_only_open_loop_independent,686,current_service_window_true_requests,False,10,False,,,
42,0.4903950030720088,0.6323167266527752,open_loop_llm,Open-loop DA-ELC,350,350,350,7,70,79,10,0.5364431486880467,0.6301369863013698,47.82346276304792,44.453726813291745,rsu_covered_requests_only,584,102,28.866961377350492,31.720702347604476,79.2477479755474,30.322058836128132,27.016050600649496,21.79905330502272,204.0649538530623,85.70628648566762,129.9854668289476,392.1833042629917,302,66,216,686,368,302,66,318,102,216,903.3030373290076,7.3257593322518915,36,16,850.0,,fallback: No module named 'cvxpy',heuristic,680,training_history_only_open_loop_independent,686,current_service_window_true_requests,False,10,False,,,
42,0.4903950030720088,0.6323167266527752,open_loop_llm,Open-loop DA-ELC,350,350,350,8,80,89,10,0.6125730994152047,0.6436251920122887,46.92143387643632,44.453726813291745,rsu_covered_requests_only,651,33,31.214786471350404,29.570105888114593,75.9049359172661,27.879671608283875,30.245582797201703,23.72453155396065,201.29870184872007,127.70146650925594,105.49927506138131,342.5436685004467,332,87,232,684,419,332,87,265,33,232,986.5833526547708,0.0,39,12,950.0,,fallback: No module named 'cvxpy',heuristic,680,training_history_only_open_loop_independent,684,current_service_window_true_requests,False,10,False,,,
42,0.4903950030720088,0.6323167266527752,open_loop_llm,Open-loop DA-ELC,350,350,350,9,90,99,10,0.6111929307805597,0.6335877862595419,44.61825050230771,44.453726813291745,rsu_covered_requests_only,655,24,30.179510138468437,29.993075265590605,69.67534923667073,28.8047472355869,29.227209183103103,28.30679512571787,156.71965955933064,107.0330837797232,105.49086324551048,243.3814367697713,299,116,240,679,415,299,116,264,24,240,158.5833526547708,16.0,34,21,100.0,,fallback: No module named 'cvxpy',heuristic,680,training_history_only_open_loop_independent,679,current_service_window_true_requests,False,10,False,,,
42,0.5000802307905654,0.6733280569845667,open_loop_llm,Open-loop DA-ELC,400,400,400,0,0,9,10,0.21944035346097202,0.6535087719298246,44.06677370996722,43.16434081618208,rsu_covered_requests_only,228,451,34.18871161756287,30.879192027079295,66.8030290471272,24.861145933247986,27.832453186216117,32.89586836758297,163.76341906403147,188.11184488290215,118.49574917779246,204.19964605250001,51,98,79,679,149,51,98,530,451,79,371.53257593322513,30.0,7,17,750.0,,fallback: No module named 'cvxpy',heuristic,680,training_history_only_open_loop_independent,679,current_service_window_true_requests,False,10,False,,,
42,0.5000802307905654,0.6733280569845667,open_loop_llm,Open-loop DA-ELC,400,400,400,1,10,19,10,0.16417910447761194,0.7051282051282052,40.17804316117698,43.16434081618208,rsu_covered_requests_only,156,514,27.838788920844816,0.0,69.68495547501476,31.28888012267796,0.0,27.063894397497965,123.60256057584252,71.57259622308014,0.0,248.02204054983957,110,0,46,670,110,110,0,560,514,46,671.5325759332252,30.0,13,13,750.0,,fallback: No module named 'cvxpy',heuristic,680,training_history_only_open_loop_independent,670,current_service_window_true_requests,False,10,False,,,
42,0.5000802307905654,0.6733280569845667,open_loop_llm,Open-loop DA-ELC,400,400,400,2,20,29,10,0.4740740740740741,0.6517311608961304,45.52125485891638,43.16434081618208,rsu_covered_requests_only,491,184,29.96929900542412,32.08966402350097,72.97515734846785,29.496388814210384,26.72862394547944,26.031919693491137,183.6275508983141,110.1010773080732,140.31961823977215,297.7176421553968,187,133,171,675,320,187,133,355,184,171,971.5325759332252,30.0,22,13,100.0,,fallback: No module named 'cvxpy',heuristic,680,training_history_only_open_loop_independent,675,current_service_window_true_requests,False,10,False,,,
42,0.5000802307905654,0.6733280569845667,open_loop_llm,Open-loop DA-ELC,400,400,400,3,30,39,10,0.6806966618287373,0.6806966618287373,40.98199911879601,43.16434081618208,rsu_covered_requests_only,689,0,30.760798090185656,26.309643549850087,65.03778362304985,28.721257690182426,33.295602630471585,36.513362008923636,129.34242027638996,125.40705884324373,50.41027866620079,175.91207433081905,357,112,220,689,469,357,112,220,0,220,267.5325759332252,26.0,41,33,250.0,,fallback: No module named 'cvxpy',heuristic,680,training_history_only_open_loop_independent,689,current_service_window_true_requests,False,10,False,,,
42,0.5000802307905654,0.6733280569845667,open_loop_llm,Open-loop DA-ELC,400,400,400,4,40,49,10,0.5890207715133531,0.6751700680272109,39.143806652657965,43.16434081618208,rsu_covered_requests_only,588,86,28.75471859826799,34.90929220810783,59.545632485269216,30.758515436365574,24.309243569902858,45.16475843797481,100.55734775162058,91.29485718617624,200.0,98.75168529282439,360,37,191,674,397,360,37,277,86,191,527.5325759332252,14.0,40,40,450.0,,fallback: No module named 'cvxpy',heuristic,680,training_history_only_open_loop_independent,674,current_service_window_true_requests,False,10,False,,,
42,0.5000802307905654,0.6733280569845667,open_loop_llm,Open-loop DA-ELC,400,400,400,5,50,59,10,0.5824665676077266,0.6758620689655173,42.50858608851605,43.16434081618208,rsu_covered_requests_only,580,93,31.180188615911863,33.94928880848601,65.70235153360217,27.969525695375953,25.068952928305645,33.89036912202627,149.04655411317313,128.06556432312905,176.882514080918,185.26387568084007,363,29,188,673,392,363,29,281,93,188,577.5325759332252,0.0,41,42,550.0,,fallback: No module named 'cvxpy',heuristic,680,training_history_only_open_loop_independent,673,current_service_window_true_requests,False,10,False,,,
42,0.5000802307905654,0.6733280569845667,open_loop_llm,Open-loop DA-ELC,400,400,400,6,60,69,10,0.5641399416909622,0.6898395721925134,42.012586251708555,43.16434081618208,rsu_covered_requests_only,561,125,29.360297652573955,24.868686506338868,71.52115566903932,29.83208793774533,35.459779775435905,27.84038523218049,146.0276643328371,95.29038024635652,35.79348455645783,276.9970000399211,334,53,174,686,387,334,53,299,125,174,749.5325759332252,16.0,36,29,700.0,,fallback: No module named 'cvxpy',heuristic,680,training_history_only_open_loop_independent,686,current_service_window_true_requests,False,10,False,,,
42,0.5000802307905654,0.6733280569845667,open_loop_llm,Open-loop DA-ELC,400,400,400,7,70,79,10,0.5743440233236151,0.6746575342465754,47.77797802992968,43.16434081618208,rsu_covered_requests_only,584,102,32.72555168676817,30.703935817239007,79.30051929004536,26.40996612209099,28.057794064128277,21.702437319909805,232.05258186332574,157.7099712698244,112.95149198672259,393.0472369846388,365,29,190,686,394,365,29,292,102,190,773.5325759332252,0.0,40,16,750.0,,fallback: No module named 'cvxpy',heuristic,680,training_history_only_open_loop_independent,686,current_service_window_true_requests,False,10,False,,,
42,0.5000802307905654,0.6733280569845667,open_loop_llm,Open-loop DA-ELC,400,400,400,8,80,89,10,0.49853801169590645,0.6686274509803921,45.546886084890915,43.16434081618208,rsu_covered_requests_only,510,174,31.21424153746636,28.118067854208814,75.74903962630987,27.984923165349926,31.840174404409773,24.24293484271377,193.38794865231918,130.01855518671434,80.74032057540747,341.6627391526904,271,70,169,684,341,271,70,343,174,169,945.5325759332252,16.0,30,12,900.0,,fallback: No module named 'cvxpy',heuristic,680,training_history_only_open_loop_independent,684,current_service_window_true_requests,False,10,False,,,
42,0.5000802307905654,0.6733280569845667,open_loop_llm,Open-loop DA-ELC,400,400,400,9,90,99,10,0.6539027982326951,0.6656671664167916,43.29564559865922,43.16434081618208,rsu_covered_requests_only,667,12,30.00789865459628,30.014893963357945,69.74826531493756,29.00173895580303,29.194602437209856,28.300545534258667,151.4171064165917,104.33559130827726,105.60488203937422,244.48623826332783,326,118,223,679,444,326,118,235,12,223,167.5325759332252,10.0,35,21,100.0,,fallback: No module named 'cvxpy',heuristic,680,training_history_only_open_loop_independent,679,current_service_window_true_requests,False,10,False,,,
