method,method_label,rsu_cache_capacity,mrsu_cache_capacity,frsu_cache_capacity,seed_count,seeds,achr_mean,local_rsu_achr_mean,achr_std,achr_min,achr_max,average_delay_ms_mean,average_delay_ms_std,latency_request_count_mean,excluded_not_covered_request_count_mean,mrsu_average_delay_ms_mean,frsu_average_delay_ms_mean,mbs_average_delay_ms_mean,mrsu_average_rate_mbps_mean,frsu_average_rate_mbps_mean,mbs_average_rate_mbps_mean,average_service_distance_m_mean,mrsu_average_distance_m_mean,frsu_average_distance_m_mean,mbs_average_distance_m_mean,mrsu_hit_count_mean,frsu_hit_count_mean,mbs_miss_count_mean,not_covered_count_mean,not_cached_count_mean,decision_request_source,uses_proposed_miss_feedback
thompson_sampling,Thompson Sampling,50,50,50,3,"7,42,2026",0.17291818310823545,0.22871968147245347,0.02018191934670423,0.1583242040618179,0.19594958397128845,59.61215581114117,0.8721525854269722,5141.0,1664.6666666666667,30.380354207646253,31.043230890180386,68.21234365315767,29.02799147638443,28.335354430809257,32.55538835087711,202.19109023042097,118.51097186671348,130.03947318977913,225.7951068810684,781.0,397.3333333333333,5627.333333333333,1664.6666666666667,3962.6666666666665,predicted_history_signal_no_proposed_feedback,False
thompson_sampling,Thompson Sampling,100,100,100,3,"7,42,2026",0.22485064027773358,0.3014935625429365,0.05776563088860329,0.1686918737856572,0.2840991239523162,56.637707008486814,1.1064819770208085,5022.666666666667,1783.0,30.581928817388313,30.88808419403229,67.87413707426583,28.84713192958156,28.53847330048872,32.932768700970676,191.15277663447372,122.30837039896271,127.86805521867318,220.6196756272377,984.0,547.3333333333334,5274.333333333333,1783.0,3491.3333333333335,predicted_history_signal_no_proposed_feedback,False
thompson_sampling,Thompson Sampling,150,150,150,3,"7,42,2026",0.2795591154224701,0.36951884870403023,0.015893193904655233,0.2658035955627927,0.29695746789899957,54.24771586503237,0.7319600826955766,5152.666666666667,1653.0,30.122766154174304,31.028225801942828,68.18730345117196,29.268275922226906,28.38788817310957,32.53744215873508,186.35086000005663,113.35342542616303,130.3062787701212,225.36974431720262,1246.6666666666667,658.0,4901.0,1653.0,3248.0,predicted_history_signal_no_proposed_feedback,False
thompson_sampling,Thompson Sampling,200,200,200,3,"7,42,2026",0.29978277108499857,0.41813612698648434,0.04233749040543613,0.2649298568957622,0.3468979275990708,52.067271751752145,0.4795956384619144,4871.333333333333,1934.3333333333333,30.408121667380428,31.053340178831586,67.47005156722908,28.993582266608396,28.335277174797124,33.40416092292403,176.47751913875618,119.08486982455804,130.68328005981334,214.72166945881938,1276.6666666666667,765.3333333333334,4763.666666666667,1934.3333333333333,2829.3333333333335,predicted_history_signal_no_proposed_feedback,False
thompson_sampling,Thompson Sampling,250,250,250,3,"7,42,2026",0.38506005255804165,0.5052855372047976,0.0543898258199422,0.3464714512144226,0.4472663916046602,49.165524638816116,1.378016280647375,5174.0,1631.6666666666667,30.525471186279088,30.932980458051134,68.09306673479232,28.82043496490681,28.492221095401998,32.5585276647838,172.802082620968,120.41568536913974,128.7038005539771,223.88514380580773,1795.0,827.6666666666666,4183.0,1631.6666666666667,2551.3333333333335,predicted_history_signal_no_proposed_feedback,False
thompson_sampling,Thompson Sampling,300,300,300,3,"7,42,2026",0.4336259715483168,0.5718539852002883,0.02568068831903935,0.41411037115277677,0.46271906999671747,46.59615098660574,0.46421879684978395,5165.333333333333,1640.3333333333333,30.346880617969116,31.007776959557493,68.02277582312678,29.032760091253447,28.32029388381334,32.732469564794904,164.85030086809164,117.906611563695,128.63114686305832,222.9157802096157,1995.3333333333333,959.0,3851.3333333333335,1640.3333333333333,2211.0,predicted_history_signal_no_proposed_feedback,False
thompson_sampling,Thompson Sampling,350,350,350,3,"7,42,2026",0.46721653572899763,0.6244167338332968,0.057947189621348254,0.4127100683904981,0.5280801926136772,44.66556687835959,0.6439302711397271,5087.666666666667,1718.0,30.532823976598664,30.953125979731933,67.98228223051308,28.9483599769756,28.496649133360965,32.76942380264674,161.0392882414065,122.28137788081926,129.60546854848818,222.50914269567417,2184.3333333333335,998.0,3623.3333333333335,1718.0,1905.3333333333333,predicted_history_signal_no_proposed_feedback,False
thompson_sampling,Thompson Sampling,400,400,400,3,"7,42,2026",0.4906815587631937,0.6678701717723939,0.032205485870814794,0.461548114334969,0.5252639031756268,43.032529639894506,0.9357044774398898,5005.0,1800.6666666666667,30.39110679003369,31.26107058643845,67.94613308462334,29.02780570514393,28.181909398915753,32.83464257106042,156.57274831129112,119.32622490074833,135.43299304417255,221.87993074012718,2331.6666666666665,1011.6666666666666,3462.3333333333335,1800.6666666666667,1661.6666666666667,predicted_history_signal_no_proposed_feedback,False
cp_sat,CP-SAT,50,50,50,3,"7,42,2026",0.13819535697038765,0.1839398018012456,0.009475299077308468,0.12930779616678578,0.14816541458439506,61.56740161019732,1.1270458239366123,5113.0,1692.6666666666667,30.479779886563886,31.066560499016266,68.49815265603274,28.978854616237598,28.324995799190503,32.25157669540138,211.0188636806296,121.22494766174661,130.88334877545654,229.9987050461922,400.3333333333333,540.6666666666666,5864.666666666667,1692.6666666666667,4172.0,predicted_history_signal_no_proposed_feedback,False
cp_sat,CP-SAT,100,100,100,3,"7,42,2026",0.22890816127720814,0.3053845253851369,0.016000219928424753,0.2189913548221171,0.24736655524760823,57.16032630958068,0.7675996928073818,5100.0,1705.6666666666667,30.419940747686283,31.131847403723157,68.7525472171596,28.981814849678045,28.262517466789273,31.946843740851037,200.92581160204315,119.5230296214822,131.65701771935926,233.92548085622175,710.3333333333334,848.3333333333334,5247.0,1705.6666666666667,3541.3333333333335,predicted_history_signal_no_proposed_feedback,False
cp_sat,CP-SAT,150,150,150,3,"7,42,2026",0.3059549466854942,0.38495637453140774,0.028546879168582805,0.28486868824293915,0.33844008103246614,54.34501178979687,0.22026074494757794,5408.666666666667,1397.0,30.272071183872967,31.1801282573862,69.20205617701899,29.128369080387085,28.22409822112296,31.328805467290664,195.0826281756123,116.4253793209575,132.46798143014865,240.56039241085583,1287.0,796.3333333333334,4722.333333333333,1397.0,3325.3333333333335,predicted_history_signal_no_proposed_feedback,False
cp_sat,CP-SAT,200,200,200,3,"7,42,2026",0.3704939602898767,0.4759124596036768,0.02482510759114371,0.34430878881665544,0.3936879599423885,50.5659450563488,0.6319232332035458,5297.333333333333,1508.3333333333333,30.35450045740002,31.52254161736596,68.58517718736981,29.021848570375738,27.82574803346485,32.111898166044035,180.305473990809,117.69950036525243,137.96775481009877,231.3382810760203,1756.0,766.3333333333334,4283.333333333333,1508.3333333333333,2775.0,predicted_history_signal_no_proposed_feedback,False
cp_sat,CP-SAT,250,250,250,3,"7,42,2026",0.42171425070534724,0.5400665548625562,0.04152746718604816,0.3849510038735908,0.4667581750849236,47.96553533305178,0.8370560159935942,5309.0,1496.6666666666667,30.120044282554385,31.737483422291046,68.42699696523404,29.286820143977653,27.63230910682225,32.177099388874744,170.6950455710302,113.52516759960493,142.3720492209793,228.92002556169507,2125.3333333333335,746.0,3934.3333333333335,1496.6666666666667,2437.6666666666665,predicted_history_signal_no_proposed_feedback,False
cp_sat,CP-SAT,300,300,300,3,"7,42,2026",0.4561120122403164,0.5884675980689323,0.02493228433921958,0.4317561511280853,0.4815832803940022,46.04766571179778,0.9068808288307444,5274.333333333333,1531.3333333333333,30.021787267727717,31.44389562313094,68.29828875873596,29.440981127801468,27.90123264660639,32.37054270660337,164.14493578883545,112.4494709100327,136.49598615134138,226.8778582060876,2102.6666666666665,1002.6666666666666,3700.3333333333335,1531.3333333333333,2169.0,predicted_history_signal_no_proposed_feedback,False
cp_sat,CP-SAT,350,350,350,3,"7,42,2026",0.49557614022679547,0.6394042728799999,0.026257364493740356,0.47025701389879265,0.5226806184700596,44.1165974902224,0.8559645053809258,5274.333333333333,1531.3333333333333,30.021389093361737,31.455657333218543,68.28039340992582,29.439177469100343,27.894694483908633,32.393393718916236,158.6578758091309,112.4262741162641,136.80378697059663,226.6182397142254,2286.0,1088.0,3431.6666666666665,1531.3333333333333,1900.3333333333333,predicted_history_signal_no_proposed_feedback,False
cp_sat,CP-SAT,400,400,400,3,"7,42,2026",0.5300066909009399,0.6839584236726792,0.022896617944917413,0.5092156173025868,0.5545462567331187,42.40732240941511,0.5789232913604209,5274.333333333333,1531.3333333333333,30.01839829890012,31.454758570490085,68.23376714137561,29.44284035216029,27.896330914682974,32.43521239937629,153.52603510890484,112.38954629323463,136.80583151891008,225.9305309466445,2461.0,1147.3333333333333,3197.3333333333335,1531.3333333333333,1666.0,predicted_history_signal_no_proposed_feedback,False
